status,name,solver,nvar,time,memory,num_iter,neval_obj,init_eval_obj_time,init_eval_obj_mem,init_eval_obj_alloc,neval_grad,init_eval_grad_time,init_eval_grad_mem,init_eval_grad_alloc,is_init_run
first_order,NZF1,LBFGSSolver,91,6.97891125,280.77608,8,10,0.109229549,16.884008,332098,10,0.807670167,86.87808,1736503,true
first_order,NZF1,LBFGSSolver,91,3.00097856,0.968944,8,10,8.456e-6,0.000592,3,10,2.8936e-5,0.00144,5,false
first_order,arglina,LBFGSSolver,100,0.705287124,36.41868,5,7,0.120950312,15.416976,297940,7,0.302114528,26.192624,518121,true
first_order,arglina,LBFGSSolver,100,0.28123226700000004,0.110384,5,7,5.18e-6,0.000592,3,7,7.7719e-5,0.00152,5,false
first_order,arglinb,LBFGSSolver,100,0.665452186,32.745056,1,3,0.072362958,13.483552,265518,3,0.335129231,18.032184,353608,true
first_order,arglinb,LBFGSSolver,100,0.293915032,0.032176,1,3,5.541e-6,0.000592,3,3,5.727e-5,0.00152,5,false
first_order,arglinc,LBFGSSolver,100,0.623300831,30.268584,1,3,0.070080886,13.5672,267435,3,0.237495204,17.822672,348875,true
first_order,arglinc,LBFGSSolver,100,0.25968490099999997,0.032176,1,3,3.377e-6,0.000592,3,3,5.754e-5,0.00152,5,false
first_order,argtrig,LBFGSSolver,100,0.755239532,31.538976,25,39,0.051488481,4.502312,88514,27,0.221909399,14.562944,288683,true
first_order,argtrig,LBFGSSolver,100,0.349793884,1.322304,25,39,4.188e-6,0.000592,3,27,6.4614e-5,0.00152,5,false
first_order,arwhead,LBFGSSolver,100,0.625562764,27.796056,5,7,0.033422434,4.541808,89362,7,0.215742605,13.744256,270777,true
first_order,arwhead,LBFGSSolver,100,0.280005556,0.12968,5,7,2.626e-6,0.000592,3,7,3.8914e-5,0.00152,5,false
first_order,auglag,LBFGSSolver,100,1.0515269,40.833088,48,100,0.039405355,1.349184,26813,46,0.350227664,14.893352,303908,true
first_order,auglag,LBFGSSolver,100,0.329165077,2.709552,48,100,6.001e-6,0.000592,3,46,6.0196e-5,0.00152,5,false
first_order,bdqrtic,LBFGSSolver,100,0.908497122,33.24424,11,13,0.050227916,5.184888,102371,13,0.238780217,15.367384,306599,true
first_order,bdqrtic,LBFGSSolver,100,0.34441834600000004,0.758336,11,13,5.46e-6,0.000592,3,13,6.3221e-5,0.00152,5,false
unbounded,biggs6,LBFGSSolver,6,0.73041043,32.110856,7,9,0.074192483,13.747144,264024,9,0.250284254,21.967352,436366,true
unbounded,biggs6,LBFGSSolver,6,0.31856066299999997,0.047776,7,9,7.033e-6,0.000592,3,9,7.044e-6,0.000704,5,false
first_order,boundary,LBFGSSolver,100,3.0147143940000003,188.196208,82,84,0.027210394,1.4992,29303,84,0.243651377,12.28176,242964,true
first_order,boundary,LBFGSSolver,100,2.487140106,158.714272,82,84,1.022e-5,0.000592,3,84,0.000110853,0.00152,5,false
first_order,brownal,LBFGSSolver,100,0.7904048770000001,40.715616,1,3,0.121348335,21.8992,421906,3,0.302847142,29.565504,581855,true
first_order,brownal,LBFGSSolver,100,0.28636441,0.032176,1,3,3.536e-6,0.000592,3,3,3.6219e-5,0.00152,5,false
first_order,browngen1,LBFGSSolver,100,0.6468139239999999,28.127832,21,29,0.020429154,0.616216,11947,23,0.209681585,11.730512,231316,true
first_order,browngen1,LBFGSSolver,100,0.293224039,0.703328,21,29,3.607e-6,0.000592,3,23,2.9987e-5,0.00152,5,false
first_order,browngen2,LBFGSSolver,100,0.693372152,33.299152,7,9,0.017381836,0.589888,11464,9,0.269656393,16.83364,330425,true
first_order,browngen2,LBFGSSolver,100,0.29864661600000003,0.18808,7,9,3.206e-6,0.000592,3,9,4.2862e-5,0.00152,5,false
first_order,broyden3d,LBFGSSolver,100,0.75619788,36.4676,7,9,0.057993682,5.2738,104649,9,0.249089375,15.280376,306365,true
first_order,broyden3d,LBFGSSolver,100,0.312749822,0.42928,7,9,7.364e-6,0.000592,3,9,6.4974e-5,0.00152,5,false
first_order,broyden7d,LBFGSSolver,100,1.045664422,67.74776,8,10,0.051298067,1.36792,27073,10,0.29135548,15.540456,312948,true
first_order,broyden7d,LBFGSSolver,100,0.445405508,27.910784,8,10,2.2583e-5,0.005504,309,10,0.000303171,0.310256,2768,false
first_order,broydn7d,LBFGSSolver,100,1.053835204,63.443128,21,64,0.110846998,13.114376,261142,23,0.340567741,24.937552,503844,true
first_order,broydn7d,LBFGSSolver,100,0.410972017,5.799472,21,64,6.843e-6,0.000592,3,23,0.000118397,0.00152,5,false
first_order,brybnd,LBFGSSolver,100,0.8481138850000001,53.004952,8,10,0.163172583,26.34112,515246,10,0.433262056,33.280008,656525,true
first_order,brybnd,LBFGSSolver,100,0.32097038,0.40016,8,10,3.978e-6,0.000688,6,10,0.000169875,0.004256,41,false
first_order,chainwoo,LBFGSSolver,100,1.026277195,51.52548,63,137,0.057123285,7.08844,139458,61,0.246626878,16.6246,334718,true
first_order,chainwoo,LBFGSSolver,100,0.5420150029999999,15.208704,63,137,7.745e-6,0.000592,3,61,3.4797e-5,0.00152,5,false
first_order,chnrosnb_mod,LBFGSSolver,100,0.921861526,54.286784,96,184,0.12277109,12.077112,234359,96,0.288680125,19.497936,385486,true
first_order,chnrosnb_mod,LBFGSSolver,100,0.473250156,17.090304,96,184,1.7553e-5,0.000592,3,96,7.2939e-5,0.00152,5,false
first_order,clplatea,LBFGSSolver,100,1.161566256,62.965152,6,8,0.196158632,30.455816,578093,8,0.46949254,34.124856,674782,true
first_order,clplatea,LBFGSSolver,100,0.317668406,0.969312,6,8,4.629e-6,0.000592,3,8,6.6969e-5,0.00152,5,false
first_order,clplateb,LBFGSSolver,100,1.16941998,69.67368,4,6,0.229011925,38.49592,733466,6,0.513995199,38.22232,755524,true
first_order,clplateb,LBFGSSolver,100,0.3150714,1.01704,4,6,1.3045e-5,0.000592,3,6,8.0123e-5,0.00152,5,false
first_order,clplatec,LBFGSSolver,100,1.202349591,64.880736,5,7,0.209574791,30.382112,575151,7,0.474109093,34.335752,677841,true
first_order,clplatec,LBFGSSolver,100,0.32319387,2.609216,5,7,3.537e-6,0.000592,3,7,5.6438e-5,0.00152,5,false
first_order,cosine,LBFGSSolver,100,0.5997380379999999,27.700136,10,12,0.047793012,4.360016,85471,12,0.213852386,13.543352,267506,true
first_order,cosine,LBFGSSolver,100,0.264750898,0.27568,10,12,4.208e-6,0.000592,3,12,3.4205e-5,0.00152,5,false
first_order,cragglvy,LBFGSSolver,100,0.8525163410000001,45.139512,13,15,0.056153097,6.91896,136292,15,0.270043315,18.97288,379813,true
first_order,cragglvy,LBFGSSolver,100,0.331414227,1.212304,13,15,2.6852e-5,0.000592,3,15,4.8693e-5,0.00152,5,false
first_order,cragglvy2,LBFGSSolver,100,0.981684055,44.471656,14,16,0.057471653,6.449328,127543,16,0.250122204,18.67624,371608,true
first_order,cragglvy2,LBFGSSolver,100,0.487237774,1.463408,14,16,4.579e-6,0.000592,3,16,4.7982e-5,0.00152,5,false
first_order,curly,LBFGSSolver,100,0.845966223,43.29436,14,19,0.121405996,20.816512,402198,16,0.297886262,30.999528,612769,true
first_order,curly,LBFGSSolver,100,0.37672785000000003,5.351728,14,19,4.579e-6,0.000592,3,16,6.0987e-5,0.00152,5,false
first_order,curly10,LBFGSSolver,100,0.8575966930000001,43.279784,14,19,0.119403029,20.662248,400924,16,0.319843302,31.06748,612767,true
first_order,curly10,LBFGSSolver,100,0.34541126,5.351728,14,19,1.1131e-5,0.000592,3,16,6.8922e-5,0.00152,5,false
first_order,curly20,LBFGSSolver,100,0.837258613,42.214352,13,19,0.119247671,20.61936,400917,15,0.300846081,30.973744,612767,true
first_order,curly20,LBFGSSolver,100,0.373999403,4.25168,13,19,1.023e-5,0.000592,3,15,9.901e-5,0.00152,5,false
first_order,curly30,LBFGSSolver,100,0.8142416720000001,42.010704,14,30,0.116540705,20.63756,400919,16,0.380621449,30.974696,612764,true
first_order,curly30,LBFGSSolver,100,0.36088157499999995,4.069136,14,30,7.675e-6,0.000592,3,16,0.000116353,0.00152,5,false
first_order,dixmaane,LBFGSSolver,99,2.211723281,53.624976,15,40,0.18667235,19.65948,386277,17,0.434447779,33.274064,659624,true
first_order,dixmaane,LBFGSSolver,99,1.5986201199999999,1.268992,15,40,1.3425e-5,0.000592,3,17,0.000124699,0.00144,5,false
first_order,dixmaanf,LBFGSSolver,99,1.010153603,52.543016,10,12,0.070919303,8.136408,159617,12,0.469893028,28.9648,571224,true
first_order,dixmaanf,LBFGSSolver,99,0.39122165600000003,0.798,10,12,8.326e-6,0.000592,3,12,0.00012543,0.00144,5,false
first_order,dixmaang,LBFGSSolver,99,0.039604296,1.025984,16,44,1.1142e-5,0.000592,3,16,0.000132304,0.00144,5,true
first_order,dixmaang,LBFGSSolver,99,0.039508583,1.025984,16,44,8.907e-6,0.000592,3,16,0.000124498,0.00144,5,false
first_order,dixmaanh,LBFGSSolver,99,0.040963589999999994,0.962352,15,37,9.529e-6,0.000592,3,15,0.000133566,0.00144,5,true
first_order,dixmaanh,LBFGSSolver,99,0.040724783,0.962352,15,37,1.0399e-5,0.000592,3,15,0.000132754,0.00144,5,false
first_order,dixmaani,LBFGSSolver,99,1.0426439809999999,56.097336,12,16,0.173559792,20.831104,410374,14,0.396411627,29.454344,582196,true
first_order,dixmaani,LBFGSSolver,99,0.39357624599999996,3.690208,12,16,2.2704e-5,0.000592,3,14,0.000171168,0.00144,5,false
first_order,dixmaanj,LBFGSSolver,99,1.044295155,55.632496,18,40,0.083747597,9.225008,181114,18,0.37854926,29.057312,573135,true
first_order,dixmaanj,LBFGSSolver,99,0.415495394,3.818656,18,40,1.4999e-5,0.000592,3,18,0.000165958,0.00144,5,false
first_order,dixmaank,LBFGSSolver,99,0.079222659,2.32256,15,37,1.5259e-5,0.000592,3,15,0.000169625,0.00144,5,true
first_order,dixmaank,LBFGSSolver,99,0.07918027799999999,2.32256,15,37,1.3345e-5,0.000592,3,15,0.000165587,0.00144,5,false
first_order,dixmaanl,LBFGSSolver,99,0.091927456,2.77456,18,56,1.4839e-5,0.000592,3,18,0.000172941,0.00144,5,true
first_order,dixmaanl,LBFGSSolver,99,0.09160054,2.77456,18,56,1.3495e-5,0.000592,3,18,0.000168613,0.00144,5,false
first_order,dixmaanm,LBFGSSolver,99,1.082676268,54.93864,8,10,0.159888804,24.22672,477659,10,0.42058313,29.332312,577330,true
first_order,dixmaanm,LBFGSSolver,99,0.39399922600000004,2.90536,8,10,2.8054e-5,0.000592,3,10,0.00023501,0.00144,5,false
first_order,dixmaann,LBFGSSolver,99,1.151943838,57.500456,21,44,0.095830473,11.914696,234372,21,0.399368492,29.173696,575365,true
first_order,dixmaann,LBFGSSolver,99,0.510095171,5.431936,21,44,2.7012e-5,0.000592,3,21,0.000241503,0.00144,5,false
first_order,dixmaano,LBFGSSolver,99,0.153965877,3.674528,18,40,3.4215e-5,0.000592,3,18,0.000246382,0.00144,5,true
first_order,dixmaano,LBFGSSolver,99,0.154215215,3.674528,18,40,2.129e-5,0.000592,3,18,0.000237996,0.00144,5,false
first_order,dixmaanp,LBFGSSolver,99,0.132444883,3.151808,17,39,2.3235e-5,0.000592,3,17,0.000232846,0.00144,5,true
first_order,dixmaanp,LBFGSSolver,99,0.13389172400000002,3.151808,17,39,2.7774e-5,0.000592,3,17,0.000267182,0.00144,5,false
first_order,dixon3dq,LBFGSSolver,100,0.674947832,31.991544,9,11,0.056695647,8.969384,174206,11,0.211047915,13.908768,276481,true
first_order,dixon3dq,LBFGSSolver,100,0.326164713,3.111936,9,11,3.397e-6,0.000592,3,11,1.6652e-5,0.00152,5,false
first_order,dqdrtic,LBFGSSolver,100,0.607108991,26.202512,4,6,0.050972483,4.535384,89319,6,0.212977581,13.464088,265664,true
first_order,dqdrtic,LBFGSSolver,100,0.27775567,0.119776,4,6,3.296e-6,0.000592,3,6,2.8796e-5,0.00152,5,false
first_order,dqrtic,LBFGSSolver,100,0.602742967,29.821832,16,18,0.044471249,8.3056,156078,18,0.205064413,13.931352,272909,true
first_order,dqrtic,LBFGSSolver,100,0.278528271,0.5956,16,18,7.425e-6,0.000592,3,18,3.0919e-5,0.00152,5,false
first_order,edensch,LBFGSSolver,100,0.702295981,37.964736,8,10,0.049088013,4.95412,97223,10,0.245622044,15.782256,312060,true
first_order,edensch,LBFGSSolver,100,0.305300845,0.371648,8,10,1.526e-5,0.000592,3,10,6.5756e-5,0.00152,5,false
first_order,eg2,LBFGSSolver,100,0.621274967,26.411424,3,5,0.054212199,4.443696,87187,5,0.213931308,13.401576,265355,true
first_order,eg2,LBFGSSolver,100,0.284688611,0.07128,3,5,7.524e-6,0.000592,3,5,5.1268e-5,0.00152,5,false
first_order,engval1,LBFGSSolver,100,0.62201787,28.056328,9,11,0.050769835,4.537536,89415,11,0.228566914,13.718168,270824,true
first_order,engval1,LBFGSSolver,100,0.29620549199999996,0.362256,9,11,2.444e-6,0.000592,3,11,3.2762e-5,0.00152,5,false
first_order,enso,LBFGSSolver,9,1.073938954,39.618608,18,40,0.087967842,8.381608,166022,18,0.363093654,22.384752,458421,true
first_order,enso,LBFGSSolver,9,0.538341871,0.492336,18,40,3.0118e-5,0.000592,3,18,4.6199e-5,0.00072,5,false
first_order,errinros_mod,LBFGSSolver,100,0.89751345,47.041848,72,112,0.088648806,12.12216,235134,72,0.288428676,18.534912,368644,true
first_order,errinros_mod,LBFGSSolver,100,0.428912617,8.735792,72,112,1.4137e-5,0.000592,3,72,7.7699e-5,0.00152,5,false
first_order,extrosnb,LBFGSSolver,100,0.814548162,68.21548,308,1154,0.120366756,8.88784,173396,310,0.189500508,13.578616,268776,true
first_order,extrosnb,LBFGSSolver,100,0.501642809,39.751504,308,1154,7.184e-6,0.000592,3,310,2.0168e-5,0.00152,5,false
first_order,fletcbv2,LBFGSSolver,100,0.7967648270000001,38.997632,5,7,0.100874747,13.321576,259375,7,0.286633707,19.242312,383153,true
first_order,fletcbv2,LBFGSSolver,100,0.333920871,2.532032,5,7,4.789e-6,0.000592,3,7,4.5978e-5,0.00152,5,false
first_order,fletcbv3_mod,LBFGSSolver,100,0.930365083,38.592672,65,225,0.116635407,15.816584,309595,65,0.287887358,19.306856,383804,true
first_order,fletcbv3_mod,LBFGSSolver,100,0.380296629,1.54232,65,225,1.2414e-5,0.000592,3,65,0.000137524,0.00152,5,false
first_order,fletchcr,LBFGSSolver,100,0.65366826,35.081688,78,100,0.046318377,4.528088,88933,78,0.204096418,13.683112,270151,true
first_order,fletchcr,LBFGSSolver,100,0.307377022,7.568608,78,100,4.709e-6,0.000592,3,78,2.1391e-5,0.00152,5,false
first_order,fminsrf2,LBFGSSolver,100,1.152125248,41.054608,46,191,0.091514135,10.842832,213790,46,0.291330445,19.204728,381919,true
first_order,fminsrf2,LBFGSSolver,100,0.599615037,3.524512,46,191,5.29e-6,0.000592,3,46,5.19e-5,0.00152,5,false
first_order,freuroth,LBFGSSolver,100,0.811678047,39.910296,17,49,0.068963437,9.397016,185176,17,0.285748151,18.954432,376416,true
first_order,freuroth,LBFGSSolver,100,0.324010757,0.529792,17,49,8.065e-6,0.000592,3,17,8.6536e-5,0.00152,5,false
first_order,gauss1,LBFGSSolver,8,1.0268670930000001,32.56876,10,12,0.044783918,6.179592,123421,12,0.276877328,18.134824,365570,true
first_order,gauss1,LBFGSSolver,8,0.624355529,0.228144,10,12,1.3335e-5,0.000592,3,12,2.636e-5,0.00072,5,false
first_order,gauss2,LBFGSSolver,8,1.064149872,32.619064,12,14,0.037832071,6.18644,123424,14,0.237113216,15.515472,312199,true
first_order,gauss2,LBFGSSolver,8,0.5774074650000001,0.279056,12,14,1.5519e-5,0.000592,3,14,2.7182e-5,0.00072,5,false
first_order,gauss3,LBFGSSolver,8,0.972028635,32.81496,15,17,0.049324737,6.181232,123424,17,0.250149007,15.523016,312204,true
first_order,gauss3,LBFGSSolver,8,0.5632093469999999,0.431024,15,17,1.4949e-5,0.000592,3,17,3.098e-5,0.00072,5,false
first_order,genbroydenb,LBFGSSolver,100,0.857385474,36.356616,12,14,0.025870828,0.880376,17203,14,0.252860161,12.89564,255789,true
first_order,genbroydenb,LBFGSSolver,100,0.372577943,0.951552,12,14,1.1883e-5,0.000592,3,14,0.000192138,0.00152,5,false
first_order,genbroydentri,LBFGSSolver,100,0.950009645,56.975992,11,13,0.041822526,0.997344,19728,13,0.265459727,13.718392,273834,true
first_order,genbroydentri,LBFGSSolver,100,0.341988485,19.466768,11,13,3.109e-5,0.003888,208,13,0.00018279,0.208448,1859,false
first_order,genhumps,LBFGSSolver,100,3.250978561,166.00732,3085,9935,0.048158503,6.35104,125795,3075,0.250470293,14.858448,295382,true
first_order,genhumps,LBFGSSolver,100,2.727263389,133.40792,3085,9935,8.165e-6,0.000592,3,3075,8.6936e-5,0.00152,5,false
first_order,genrose,LBFGSSolver,100,0.871059539,37.747408,61,160,0.069310522,16.259696,315484,61,0.273712597,18.803808,369818,true
first_order,genrose,LBFGSSolver,100,0.448830223,5.398272,61,160,4.118e-6,0.000592,3,61,2.9987e-5,0.00152,5,false
first_order,genrose_nash,LBFGSSolver,100,0.762040272,39.199208,67,196,0.094870044,16.241864,315067,67,0.342309812,18.821,371247,true
first_order,genrose_nash,LBFGSSolver,100,0.34597774800000003,5.777776,67,196,3.787e-6,0.000592,3,67,3.1079e-5,0.00152,5,false
first_order,hahn1,LBFGSSolver,7,2.9789386429999998,31.305792,33,79,0.072531582,7.028976,140087,31,0.261756012,20.422144,411712,true
first_order,hahn1,LBFGSSolver,7,2.590288681,0.437712,33,79,0.000116092,0.000592,3,31,0.000119649,0.000704,5,false
first_order,indef_mod,LBFGSSolver,100,0.8943733119999999,41.489768,204,246,0.096838384,11.914456,230148,204,0.292983402,18.310064,364109,true
first_order,indef_mod,LBFGSSolver,100,0.400152847,6.32848,204,246,3.817e-6,0.000592,3,204,6.8772e-5,0.00152,5,false
first_order,integreq,LBFGSSolver,100,1.059885809,43.762872,4,6,0.185677496,22.291008,441585,6,0.375156363,26.535776,526539,true
first_order,integreq,LBFGSSolver,100,0.46022708599999995,0.139072,4,6,0.000425294,0.000592,3,6,0.005818977,0.00152,5,false
first_order,kirby2,LBFGSSolver,5,1.599472105,27.679904,19,23,0.054431039,6.189752,123195,21,0.237823337,18.86048,380537,true
first_order,kirby2,LBFGSSolver,5,1.246039737,0.130816,19,23,1.9197e-5,0.000592,3,21,2.4427e-5,0.000688,5,false
first_order,lanczos1,LBFGSSolver,6,0.808233931,28.795928,57,171,0.054165951,6.078592,120550,55,0.224989612,16.922176,338434,true
first_order,lanczos1,LBFGSSolver,6,0.34192154799999996,0.870656,57,171,4.057e-6,0.000592,3,55,1.9547e-5,0.000704,5,false
first_order,lanczos2,LBFGSSolver,6,0.690970251,28.80288,57,171,0.042015556,6.078592,120550,55,0.213313306,16.914808,338436,true
first_order,lanczos2,LBFGSSolver,6,0.31257402,0.870656,57,171,8.787e-6,0.000592,3,55,1.2544e-5,0.000704,5,false
first_order,lanczos3,LBFGSSolver,6,0.6848816959999999,28.897864,60,175,0.035701931,6.0868,120571,58,0.228601842,16.910288,338451,true
first_order,lanczos3,LBFGSSolver,6,0.308707723,0.96824,60,175,7.224e-6,0.000592,3,58,1.0811e-5,0.000704,5,false
first_order,liarwhd,LBFGSSolver,100,0.647811996,27.962,10,12,0.03828016,4.512416,88880,12,0.220721828,13.687392,270250,true
first_order,liarwhd,LBFGSSolver,100,0.295214887,0.304624,10,12,2.535e-6,0.000592,3,12,2.6401e-5,0.00152,5,false
first_order,mgh17,LBFGSSolver,5,0.746997667,26.412808,9,32,0.053129916,5.988216,117980,9,0.217388933,16.57868,331771,true
first_order,mgh17,LBFGSSolver,5,0.39456138599999996,0.066832,9,32,3.357e-6,0.000592,3,9,3.4276e-5,0.000688,5,false
first_order,morebv,LBFGSSolver,100,2.706055852,150.325744,63,65,0.078529663,7.20628,142399,65,0.268485975,16.11144,323693,true
first_order,morebv,LBFGSSolver,100,2.154769062,115.389888,63,65,9.298e-6,0.000592,3,65,0.000124489,0.00152,5,false
first_order,nazareth,LBFGSSolver,100,1.035496018,31.471528,11,13,0.029665588,0.940096,18342,13,0.229159281,12.798696,256108,true
first_order,nazareth,LBFGSSolver,100,0.615185997,0.932,11,13,1.2524e-5,0.000592,3,13,0.000217777,0.00152,5,false
first_order,ncb20,LBFGSSolver,100,1.388070555,64.62984,42,185,0.202949372,34.447168,673948,42,0.460350283,37.75552,752891,true
first_order,ncb20,LBFGSSolver,100,0.637105858,4.594224,42,185,1.554e-5,0.000592,3,42,0.00026084,0.00152,5,false
first_order,ncb20b,LBFGSSolver,100,1.631584576,63.19836,18,42,0.164711122,29.95392,585696,18,0.390594167,33.308616,662813,true
first_order,ncb20b,LBFGSSolver,100,0.937040227,7.794576,18,42,6.983e-6,0.000592,3,18,0.000302609,0.00152,5,false
first_order,noncvxu2,LBFGSSolver,100,0.8120467680000001,32.783632,36,137,0.056507567,6.462104,127518,36,0.231223334,14.319304,282365,true
first_order,noncvxu2,LBFGSSolver,100,0.42204167000000004,4.687024,36,137,5.149e-6,0.000592,3,36,5.9203e-5,0.00152,5,false
first_order,noncvxun,LBFGSSolver,100,0.7424837719999999,31.561728,40,170,0.056283949,6.508016,127521,40,0.247187936,14.309104,282363,true
first_order,noncvxun,LBFGSSolver,100,0.351628875,3.43536,40,170,1.1672e-5,0.000592,3,40,6.2439e-5,0.00152,5,false
first_order,nondia,LBFGSSolver,100,0.629980961,27.5122,6,11,0.052173203,8.854032,171784,8,0.235107997,13.44608,266435,true
first_order,nondia,LBFGSSolver,100,0.27352081100000003,0.149408,6,11,6.944e-6,0.000592,3,8,2.8244e-5,0.00152,5,false
first_order,nondquar,LBFGSSolver,100,0.860140688,55.682256,36,97,0.050605631,4.822464,94470,38,0.222991104,14.93596,295691,true
first_order,nondquar,LBFGSSolver,100,0.506044777,21.49192,36,97,8.275e-6,0.000592,3,38,3.3814e-5,0.00152,5,false
first_order,osborne1,LBFGSSolver,5,0.6998692790000001,27.609136,59,172,0.039158242,5.564904,110664,58,0.201741669,16.62868,333929,true
first_order,osborne1,LBFGSSolver,5,0.353615271,0.65608,59,172,4.489e-6,0.000592,3,58,4.338e-6,0.000688,5,false
first_order,osborne2,LBFGSSolver,11,0.909429045,44.523616,19,28,0.072126035,7.009184,138461,21,0.248064606,16.876296,337942,true
first_order,osborne2,LBFGSSolver,11,0.42711931599999997,1.510016,19,28,9.098e-6,0.000592,3,21,1.8405e-5,0.000736,5,false
first_order,palmer1c,LBFGSSolver,8,0.710265946,46.352768,4,6,0.103740677,17.543888,345692,6,0.346549676,26.499008,525372,true
first_order,palmer1c,LBFGSSolver,8,0.300946187,0.105648,4,6,4.248e-6,0.000592,3,6,1.0461e-5,0.00072,5,false
first_order,palmer1d,LBFGSSolver,7,0.711624789,44.819992,5,7,0.09944047,17.526264,345690,7,0.276051649,28.703168,571954,true
first_order,palmer1d,LBFGSSolver,7,0.299917427,0.095392,5,7,6.442e-6,0.000592,3,7,1.4207e-5,0.000704,5,false
first_order,palmer2c,LBFGSSolver,8,0.739595891,46.28908,4,6,0.091002285,17.528312,345691,6,0.270506626,25.170296,498444,true
first_order,palmer2c,LBFGSSolver,8,0.331863953,0.105648,4,6,5.931e-6,0.000592,3,6,1.3526e-5,0.00072,5,false
first_order,palmer3c,LBFGSSolver,8,0.8520931629999999,46.341016,4,6,0.102812159,17.552992,345692,6,0.24028829,25.140528,498439,true
first_order,palmer3c,LBFGSSolver,8,0.435292042,0.105648,4,6,4.188e-6,0.000592,3,6,8.086e-6,0.00072,5,false
first_order,palmer4c,LBFGSSolver,8,0.7174586350000001,46.33492,4,6,0.091584491,17.544808,345695,6,0.270882286,25.137688,498440,true
first_order,palmer4c,LBFGSSolver,8,0.308145489,0.105648,4,6,5.02e-6,0.000592,3,6,8.877e-6,0.00072,5,false
first_order,palmer5c,LBFGSSolver,6,0.920186213,39.415792,6,8,0.121392371,26.522336,535284,8,0.267899092,25.493944,511673,true
first_order,palmer5c,LBFGSSolver,6,0.3565536,0.07776,6,8,2.725e-6,0.000592,3,8,6.913e-6,0.000704,5,false
first_order,palmer6c,LBFGSSolver,8,0.725067942,46.298624,4,6,0.097160432,17.532,345692,6,0.249620297,25.156504,498444,true
first_order,palmer6c,LBFGSSolver,8,0.313978172,0.135888,4,6,5.06e-6,0.000592,3,6,6.122e-6,0.00072,5,false
first_order,palmer7c,LBFGSSolver,8,0.735219789,46.219824,3,5,0.103415624,17.526264,345690,5,0.240873491,25.18952,498438,true
first_order,palmer7c,LBFGSSolver,8,0.31885039499999995,0.080192,3,5,7.254e-6,0.000592,3,5,6.833e-6,0.00072,5,false
first_order,palmer8c,LBFGSSolver,8,0.7342681870000001,46.310728,5,7,0.081111759,17.522128,345689,7,1.1292292,25.131912,498442,true
first_order,palmer8c,LBFGSSolver,8,0.309107652,0.156304,5,7,3.367e-6,0.000592,3,7,7.915e-6,0.00072,5,false
first_order,penalty1,LBFGSSolver,100,0.719257721,33.92904,16,18,0.079762284,15.070712,290875,18,0.279136638,17.786504,352506,true
first_order,penalty1,LBFGSSolver,100,0.28536796400000003,0.325456,16,18,6.192e-6,0.000592,3,18,4.0157e-5,0.00152,5,false
first_order,penalty2,LBFGSSolver,100,0.856016429,80.715264,15,17,0.162233077,18.369512,360052,17,0.372750196,26.193576,517324,true
first_order,penalty2,LBFGSSolver,100,0.30386061999999997,34.209032,15,17,2.2282e-5,0.002256,5,17,0.00020385,0.189368,23,false
max_time,penalty3,LBFGSSolver,100,60.328325483,2564.077336,9639,105087,0.238831129,53.170712,1043435,9639,0.507258784,36.53508,726013,true
max_time,penalty3,LBFGSSolver,100,60.328820074999996,2493.032576,9583,104471,1.0079e-5,0.000592,3,9583,0.000165988,0.00152,5,false
first_order,powellsg,LBFGSSolver,100,1.168954391,39.373616,16,18,0.071556467,6.79332,133063,18,0.236554866,16.819608,333110,true
first_order,powellsg,LBFGSSolver,100,0.700082026,0.759616,16,18,3.086e-6,0.000592,3,18,3.161e-5,0.00152,5,false
first_order,power,LBFGSSolver,100,0.680999241,27.958416,15,17,0.046799312,7.760368,149826,17,0.226235385,13.1664,260796,true
first_order,power,LBFGSSolver,100,0.310614413,1.09704,15,17,1.4728e-5,0.000592,3,17,2.8745e-5,0.00152,5,false
first_order,quartc,LBFGSSolver,100,0.609975378,29.839864,16,18,0.046061974,8.305088,156078,18,0.210748914,13.959288,272909,true
first_order,quartc,LBFGSSolver,100,0.266856339,0.5956,16,18,3.757e-6,0.000592,3,18,4.4465e-5,0.00152,5,false
max_time,sbrybnd,LBFGSSolver,100,60.552437473,1080.990072,596,638,0.108838198,8.777712,173298,594,0.299597556,18.756648,372654,true
max_time,sbrybnd,LBFGSSolver,100,60.552382988999994,1059.61896,604,646,9.398e-6,0.000592,3,602,0.000208839,0.00152,5,false
first_order,schmvett,LBFGSSolver,100,0.7646979309999999,38.427392,12,16,0.061703875,6.393536,126495,14,0.259197125,16.186576,324353,true
first_order,schmvett,LBFGSSolver,100,0.335796634,0.642976,12,16,9.057e-6,0.000592,3,14,6.5425e-5,0.00152,5,false
first_order,scosine,LBFGSSolver,100,6.444892810000001,483.471616,308,380,0.050760697,4.7028,92760,300,0.228558206,14.159664,280766,true
first_order,scosine,LBFGSSolver,100,5.889567682,452.856528,308,380,2.946e-6,0.000592,3,300,5.8953e-5,0.00152,5,false
first_order,sinquad,LBFGSSolver,100,0.747884695,37.824824,44,83,0.050479045,4.950936,97208,44,0.236208101,15.450736,307566,true
first_order,sinquad,LBFGSSolver,100,0.31769903299999996,1.492416,44,83,3.026e-6,0.000592,3,44,3.7011e-5,0.00152,5,false
first_order,sparsine,LBFGSSolver,100,0.947756002,37.808552,33,85,0.102705809,6.571936,129665,33,0.238770787,15.352368,304060,true
first_order,sparsine,LBFGSSolver,100,0.531340754,7.269408,33,85,2.107e-5,0.000592,3,33,0.000153403,0.00152,5,false
first_order,sparsqur,LBFGSSolver,100,0.762422076,31.880392,15,17,0.071658756,6.58872,130684,17,0.240278721,15.508248,309087,true
first_order,sparsqur,LBFGSSolver,100,0.319030853,0.633936,15,17,4.819e-6,0.000592,3,17,4.2831e-5,0.00152,5,false
first_order,spmsrtls,LBFGSSolver,100,1.509249187,102.458824,12,14,0.369854443,38.536424,760178,14,0.653780018,52.549704,1032027,true
first_order,spmsrtls,LBFGSSolver,100,0.44398556100000003,26.141224,12,14,2.886e-6,0.00152,5,14,0.000136411,0.096056,23,false
first_order,srosenbr,LBFGSSolver,100,0.7079393860000001,28.491152,27,61,0.049653281,4.619352,90720,27,0.229965603,13.745056,271651,true
first_order,srosenbr,LBFGSSolver,100,0.371403027,0.7448,27,61,6.282e-6,0.000592,3,27,1.7323e-5,0.00152,5,false
first_order,thurber,LBFGSSolver,7,0.836091578,31.759968,37,56,0.068675972,6.702856,133914,39,0.228263545,17.981728,362735,true
first_order,thurber,LBFGSSolver,7,0.460097305,0.885776,37,56,1.5389e-5,0.000592,3,39,3.5838e-5,0.000704,5,false
first_order,tointgss,LBFGSSolver,100,0.729434433,33.479008,15,37,0.056083833,6.370744,125766,15,0.218375,14.882728,295339,true
first_order,tointgss,LBFGSSolver,100,0.300933406,0.499792,15,37,7.193e-6,0.000592,3,15,5.3382e-5,0.00152,5,false
first_order,tquartic,LBFGSSolver,100,0.716582212,28.598168,13,17,0.047242678,4.497056,88556,15,0.199686179,13.631264,270188,true
first_order,tquartic,LBFGSSolver,100,0.354971073,0.344112,13,17,1.028e-5,0.000592,3,15,2.2693e-5,0.00152,5,false
first_order,tridia,LBFGSSolver,100,0.649368198,28.639016,7,9,0.052935681,4.455824,87721,9,0.190409813,13.427632,265805,true
first_order,tridia,LBFGSSolver,100,0.297764649,1.770352,7,9,3.246e-6,0.000592,3,9,4.2281e-5,0.00152,5,false
first_order,vardim,LBFGSSolver,100,0.893603269,41.809664,15,17,0.112604093,22.490664,433833,17,0.315357695,22.975624,454245,true
first_order,vardim,LBFGSSolver,100,0.432672173,0.305904,15,17,2.605e-6,0.000592,3,17,5.5025e-5,0.00152,5,false
first_order,vibrbeam,LBFGSSolver,8,0.8656413199999999,40.733368,23,26,0.071485823,10.691184,213842,25,0.274407729,23.092504,468352,true
first_order,vibrbeam,LBFGSSolver,8,0.415473511,0.473472,23,26,2.545e-6,0.000592,3,25,8.977e-6,0.00072,5,false
first_order,watson,LBFGSSolver,31,1.5458628319999999,86.072472,33,99,0.328426705,49.593248,981348,33,0.626074764,51.08532,1014587,true
first_order,watson,LBFGSSolver,31,0.40127293599999997,2.28072,33,99,2.8544e-5,0.000592,3,33,0.000197437,0.000896,5,false
first_order,woods,LBFGSSolver,100,0.808981834,38.714504,53,106,0.05585955,6.622176,131081,51,0.257638167,16.466832,331655,true
first_order,woods,LBFGSSolver,100,0.332284218,2.65296,53,106,3.506e-6,0.000592,3,51,2.1912e-5,0.00152,5,false
