status,name,solver,mem,nvar,time,memory,num_iter,nvmops,neval_obj,init_eval_obj_time,init_eval_obj_mem,init_eval_obj_alloc,neval_grad,init_eval_grad_time,init_eval_grad_mem,init_eval_grad_alloc,is_init_run
max_time,fletchcr,LBFGSSolver,1,10000,605.763784312,169.258368,4503,4503,5473,0.039941304,4.444872,84745,5447,0.5049328,55.600488,1067507,true
max_time,fletchcr,LBFGSSolver,1,10000,603.0058310139999,2.950424,4485,4485,5455,3.8073e-5,0.000592,3,5429,0.110238089,0.080664,5,false
max_time,fletchcr,LBFGSSolver,2,10000,602.995084518,3.468232,5048,5048,5440,4.0607e-5,0.000592,3,5435,0.111745377,0.080664,5,false
max_time,fletchcr,LBFGSSolver,3,10000,602.999422915,3.76756,4988,4988,5444,4.5146e-5,0.000592,3,5439,0.111237779,0.080664,5,false
max_time,fletchcr,LBFGSSolver,4,10000,603.030473122,4.100712,5029,5029,5420,4.3203e-5,0.000592,3,5415,0.111538669,0.080664,5,false
max_time,fletchcr,LBFGSSolver,5,10000,602.9947652259999,4.415336,5011,5011,5432,4.3684e-5,0.000592,3,5427,0.110924933,0.080664,5,false
max_time,fletchcr,LBFGSSolver,6,10000,603.0443888049999,4.74148,5027,5027,5436,3.9165e-5,0.000592,3,5431,0.111107741,0.080664,5,false
max_time,fletchcr,LBFGSSolver,7,10000,602.9973371599999,5.05868,5022,5022,5417,4.4656e-5,0.000592,3,5411,0.11055708,0.080664,5,false
max_time,fletchcr,LBFGSSolver,8,10000,603.0048720919999,5.372776,5005,5005,5414,3.9135e-5,0.000592,3,5409,0.11288255,0.080664,5,false
max_time,fletchcr,LBFGSSolver,9,10000,602.972757966,5.692152,5002,5002,5418,4.0828e-5,0.000592,3,5412,0.111109123,0.080664,5,false
max_time,fletchcr,LBFGSSolver,10,10000,603.0470263379999,6.00612,4985,4985,5413,3.9475e-5,0.000592,3,5408,0.112161213,0.080664,5,false
max_time,fletchcr,LBFGSSolver,11,10000,602.974077784,6.333896,5004,5004,5427,3.7732e-5,0.000592,3,5422,0.112096006,0.080664,5,false
max_time,fletchcr,LBFGSSolver,12,10000,603.002751649,6.652424,5000,5000,5422,4.0517e-5,0.000592,3,5417,0.11048513,0.080664,5,false
max_time,fletchcr,LBFGSSolver,13,10000,603.001838506,6.970072,4991,4991,5432,4.0017e-5,0.000592,3,5426,0.110870575,0.080664,5,false
max_time,fletchcr,LBFGSSolver,14,10000,603.001179621,7.292168,4996,4996,5433,4.0247e-5,0.000592,3,5428,0.111046844,0.080664,5,false
max_time,fletchcr,LBFGSSolver,15,10000,602.97547075,7.604488,4978,4978,5409,3.9556e-5,0.000592,3,5404,0.110749715,0.080664,5,false
max_time,fletchcr,LBFGSSolver,16,10000,603.113837806,7.92036,4967,4967,5401,3.9635e-5,0.000592,3,5396,0.11259214,0.080664,5,false
max_time,fletchcr,LBFGSSolver,17,10000,603.028291913,8.245064,4974,4974,5433,4.4716e-5,0.000592,3,5428,0.111621024,0.080664,5,false
max_time,fletchcr,LBFGSSolver,18,10000,603.001950077,8.577048,5007,5007,5435,4.7631e-5,0.000592,3,5428,0.1111361,0.080664,5,false
max_time,fletchcr,LBFGSSolver,19,10000,603.0060434869999,8.894024,4998,4998,5434,4.8152e-5,0.000592,3,5429,0.110481357,0.080664,5,false
max_time,fletchcr,LBFGSSolver,20,10000,603.094081462,9.202616,4969,4969,5411,4.1339e-5,0.000592,3,5406,0.110980182,0.080664,5,false
max_time,fletchcr,LBFGSSolver,21,10000,603.161038765,9.519432,4962,4962,5397,5.0006e-5,0.000592,3,5392,0.112636597,0.080664,5,false
max_time,fletchcr,LBFGSSolver,22,10000,603.097431103,9.844184,4970,4970,5423,4.9344e-5,0.000592,3,5418,0.111712963,0.080664,5,false
max_time,fletchcr,LBFGSSolver,23,10000,603.01005398,10.164488,4971,4971,5420,3.9766e-5,0.000592,3,5413,0.111484969,0.080664,5,false
max_time,fletchcr,LBFGSSolver,24,10000,603.120680419,10.491016,4987,4987,5429,4.1739e-5,0.000592,3,5424,0.111520587,0.080664,5,false
max_time,fletchcr,LBFGSSolver,25,10000,603.031405697,10.797656,4952,4952,5410,4.2792e-5,0.000592,3,5405,0.110884254,0.080664,5,false
max_time,fletchcr,LBFGSSolver,26,10000,603.004507945,11.113464,4942,4942,5396,4.0598e-5,0.000592,3,5390,0.110904759,0.080664,5,false
max_time,fletchcr,LBFGSSolver,27,10000,603.069956422,11.431272,4936,4936,5391,4.3163e-5,0.000592,3,5386,0.110465051,0.080664,5,false
max_time,fletchcr,LBFGSSolver,28,10000,603.047371568,11.767704,4978,4978,5413,4.196e-5,0.000592,3,5408,0.110010708,0.080664,5,false
max_time,fletchcr,LBFGSSolver,29,10000,603.0160621169999,12.070568,4933,4933,5390,3.9476e-5,0.000592,3,5385,0.110774969,0.080664,5,false
max_time,fletchcr,LBFGSSolver,30,10000,603.0314528629999,12.400488,4960,4960,5392,4.1319e-5,0.000592,3,5387,0.111542957,0.080664,5,false
max_time,fletchcr,LBFGSSolver,31,10000,603.0178170649999,12.721192,4957,4957,5417,4.1429e-5,0.000592,3,5411,0.110528461,0.080664,5,false
max_time,fletchcr,LBFGSSolver,32,10000,603.0717052709999,13.033,4935,4935,5406,4.215e-5,0.000592,3,5401,0.110801053,0.080664,5,false
max_time,fletchcr,LBFGSSolver,33,10000,603.070742037,13.36628,4972,4972,5407,4.0187e-5,0.000592,3,5401,0.109889133,0.080664,5,false
max_time,fletchcr,LBFGSSolver,34,10000,603.040251639,13.690024,4981,4981,5412,4.186e-5,0.000592,3,5407,0.111606816,0.080664,5,false
max_time,fletchcr,LBFGSSolver,35,10000,603.040036787,13.999528,4952,4952,5404,4.172e-5,0.000592,3,5399,0.111551766,0.080664,5,false
max_time,fletchcr,LBFGSSolver,36,10000,603.048290038,14.31836,4948,4948,5403,4.2592e-5,0.000592,3,5398,0.110432732,0.080664,5,false
max_time,fletchcr,LBFGSSolver,37,10000,603.0143117389999,14.636136,4943,4943,5393,4.177e-5,0.000592,3,5388,0.111582837,0.080664,5,false
max_time,fletchcr,LBFGSSolver,38,10000,603.041850104,14.956232,4941,4941,5402,4.0298e-5,0.000592,3,5397,0.110868075,0.080664,5,false
max_time,fletchcr,LBFGSSolver,39,10000,603.0233451839999,15.26812,4918,4918,5399,4.0798e-5,0.000592,3,5394,0.11050104,0.080664,5,false
max_time,fletchcr,LBFGSSolver,40,10000,603.0733444289999,15.593992,4934,4934,5398,4.2632e-5,0.000592,3,5393,0.110379313,0.080664,5,false
max_time,fletchcr,LBFGSSolver,41,10000,602.998115783,15.914232,4934,4934,5398,3.9385e-5,0.000592,3,5393,0.110221928,0.080664,5,false
max_time,fletchcr,LBFGSSolver,42,10000,602.980599105,16.235,4935,4935,5402,3.9506e-5,0.000592,3,5396,0.110079269,0.080664,5,false
max_time,fletchcr,LBFGSSolver,43,10000,603.014116203,16.573176,4985,4985,5408,4.0807e-5,0.000592,3,5403,0.110030083,0.080664,5,false
max_time,fletchcr,LBFGSSolver,44,10000,603.001217666,16.877944,4942,4942,5402,3.9425e-5,0.000592,3,5396,0.110633319,0.080664,5,false
max_time,fletchcr,LBFGSSolver,45,10000,603.036349785,17.192104,4925,4925,5400,3.9586e-5,0.000592,3,5395,0.110576663,0.080664,5,false
max_time,fletchcr,LBFGSSolver,46,10000,603.061714922,17.516984,4940,4940,5391,3.675e-5,0.000592,3,5386,0.11053882,0.080664,5,false
max_time,fletchcr,LBFGSSolver,47,10000,602.982110658,17.84012,4947,4947,5399,3.9315e-5,0.000592,3,5393,0.110770998,0.080664,5,false
max_time,fletchcr,LBFGSSolver,48,10000,603.142408362,18.147448,4913,4913,5382,4.1339e-5,0.000592,3,5377,0.111702342,0.080664,5,false
max_time,fletchcr,LBFGSSolver,49,10000,603.048483423,18.484312,4959,4959,5390,3.9316e-5,0.000592,3,5384,0.110200616,0.080664,5,false
max_time,fletchcr,LBFGSSolver,50,10000,603.0682701129999,18.79732,4940,4940,5381,4.2151e-5,0.000592,3,5376,0.11127209,0.080664,5,false
max_time,fletchcr,LBFGSSolver,51,10000,602.9772551149999,19.119128,4945,4945,5379,3.8894e-5,0.000592,3,5374,0.110624428,0.080664,5,false
max_time,fletchcr,LBFGSSolver,52,10000,603.155304047,19.442536,4952,4952,5391,3.9295e-5,0.000592,3,5386,0.111931446,0.080664,5,false
max_time,fletchcr,LBFGSSolver,53,10000,603.058254061,19.759832,4944,4944,5390,4.0287e-5,0.000592,3,5385,0.11046867,0.080664,5,false
max_time,fletchcr,LBFGSSolver,54,10000,603.05803238,20.06516,4904,4904,5375,4.6258e-5,0.000592,3,5370,0.109763076,0.080664,5,false
max_time,fletchcr,LBFGSSolver,55,10000,603.060566697,20.38508,4905,4905,5364,4.3243e-5,0.000592,3,5358,0.110887327,0.080664,5,false
max_time,fletchcr,LBFGSSolver,56,10000,602.994164,20.702456,4899,4899,5353,4.4465e-5,0.000592,3,5348,0.111796675,0.080664,5,false
max_time,fletchcr,LBFGSSolver,57,10000,603.017899843,21.030472,4920,4920,5360,4.215e-5,0.000592,3,5355,0.111525465,0.080664,5,false
max_time,fletchcr,LBFGSSolver,58,10000,603.0738081869999,21.349208,4915,4915,5365,5.754e-5,0.000592,3,5360,0.111422664,0.080664,5,false
max_time,fletchcr,LBFGSSolver,59,10000,603.051898393,21.655656,4874,4874,5376,3.9565e-5,0.000592,3,5371,0.110176551,0.080664,5,false
max_time,fletchcr,LBFGSSolver,60,10000,603.0118464789999,21.980728,4893,4893,5345,4.7291e-5,0.000592,3,5340,0.111207532,0.080664,5,false
max_time,fletchcr,LBFGSSolver,61,10000,603.0844742969999,22.310296,4916,4916,5366,3.9145e-5,0.000592,3,5358,0.11296873,0.080664,5,false
max_time,fletchcr,LBFGSSolver,62,10000,603.056932762,22.630248,4915,4915,5366,5.4144e-5,0.000592,3,5361,0.111385363,0.080664,5,false
max_time,fletchcr,LBFGSSolver,63,10000,603.0355609439999,22.9514,4916,4916,5376,3.9175e-5,0.000592,3,5370,0.11101709,0.080664,5,false
max_time,fletchcr,LBFGSSolver,64,10000,603.065294786,23.275144,4925,4925,5382,4.159e-5,0.000592,3,5377,0.110760604,0.080664,5,false
max_time,fletchcr,LBFGSSolver,65,10000,603.048200237,23.598232,4934,4934,5378,3.7261e-5,0.000592,3,5373,0.111065616,0.080664,5,false
max_time,fletchcr,LBFGSSolver,66,10000,603.049186613,23.919072,4927,4927,5370,4.2281e-5,0.000592,3,5365,0.110234253,0.080664,5,false
max_time,fletchcr,LBFGSSolver,67,10000,603.0008867419999,24.225384,4899,4899,5361,4.2682e-5,0.000592,3,5356,0.110542106,0.080664,5,false
max_time,fletchcr,LBFGSSolver,68,10000,603.0594872639999,24.557008,4921,4921,5372,4.2672e-5,0.000592,3,5367,0.111632142,0.080664,5,false
max_time,fletchcr,LBFGSSolver,69,10000,603.082779349,24.869208,4908,4908,5366,4.3133e-5,0.000592,3,5360,0.110316034,0.080664,5,false
max_time,fletchcr,LBFGSSolver,70,10000,603.133049072,25.189872,4903,4903,5359,3.8504e-5,0.000592,3,5354,0.110612327,0.080664,5,false
max_time,fletchcr,LBFGSSolver,71,10000,603.041745442,25.507448,4902,4902,5363,4.3543e-5,0.000592,3,5357,0.111159133,0.080664,5,false
max_time,fletchcr,LBFGSSolver,72,10000,603.0625735039999,25.837152,4925,4925,5353,4.2772e-5,0.000592,3,5348,0.110226727,0.080664,5,false
max_time,fletchcr,LBFGSSolver,73,10000,603.0937959839999,26.146664,4900,4900,5355,4.3042e-5,0.000592,3,5349,0.111205558,0.080664,5,false
max_time,fletchcr,LBFGSSolver,74,10000,602.990616981,26.461088,4884,4884,5330,4.3043e-5,0.000592,3,5325,0.111164951,0.080664,5,false
max_time,fletchcr,LBFGSSolver,75,10000,602.9754439129999,26.783,4888,4888,5358,5.8202e-5,0.000592,3,5353,0.111074021,0.080664,5,false
max_time,fletchcr,LBFGSSolver,76,10000,603.092287405,27.100704,4879,4879,5351,3.9455e-5,0.000592,3,5346,0.110566592,0.080664,5,false
max_time,fletchcr,LBFGSSolver,77,10000,603.034656167,27.436672,4923,4923,5358,4.2872e-5,0.000592,3,5353,0.112562914,0.080664,5,false
max_time,fletchcr,LBFGSSolver,78,10000,603.017607409,27.752224,4911,4911,5356,4.6489e-5,0.000592,3,5350,0.111037974,0.080664,5,false
max_time,fletchcr,LBFGSSolver,79,10000,603.039758966,28.057016,4870,4870,5348,4.159e-5,0.000592,3,5342,0.110378108,0.080664,5,false
max_time,fletchcr,LBFGSSolver,80,10000,603.060444694,28.385736,4895,4895,5344,4.0778e-5,0.000592,3,5338,0.110277099,0.080664,5,false
max_time,fletchcr,LBFGSSolver,81,10000,603.000961996,28.710728,4907,4907,5353,4.215e-5,0.000592,3,5348,0.11051164,0.080664,5,false
max_time,fletchcr,LBFGSSolver,82,10000,602.9711717419999,29.02668,4893,4893,5360,3.7532e-5,0.000592,3,5355,0.110623364,0.080664,5,false
max_time,fletchcr,LBFGSSolver,83,10000,603.017088114,29.34724,4895,4895,5355,4.1339e-5,0.000592,3,5350,0.110124807,0.080664,5,false
max_time,fletchcr,LBFGSSolver,84,10000,603.054348454,29.666216,4894,4894,5340,3.9085e-5,0.000592,3,5334,0.111115242,0.080664,5,false
max_time,fletchcr,LBFGSSolver,85,10000,603.0332463919999,29.978664,4872,4872,5340,4.3143e-5,0.000592,3,5335,0.111471974,0.080664,5,false
max_time,fletchcr,LBFGSSolver,86,10000,603.085406928,30.307016,4894,4894,5347,3.9205e-5,0.000592,3,5341,0.110941247,0.080664,5,false
max_time,fletchcr,LBFGSSolver,87,10000,603.028524402,30.627616,4891,4891,5335,3.9826e-5,0.000592,3,5330,0.112019515,0.080664,5,false
max_time,fletchcr,LBFGSSolver,88,10000,603.033263662,30.943768,4885,4885,5340,4.9896e-5,0.000592,3,5335,0.110406617,0.080664,5,false
max_time,fletchcr,LBFGSSolver,89,10000,602.999433115,31.261896,4881,4881,5330,4.4215e-5,0.000592,3,5325,0.110073276,0.080664,5,false
max_time,fletchcr,LBFGSSolver,90,10000,603.037014332,31.584304,4882,4882,5332,4.192e-5,0.000592,3,5325,0.111585429,0.080664,5,false
max_time,fletchcr,LBFGSSolver,91,10000,603.082417597,31.900472,4878,4878,5314,4.3052e-5,0.000592,3,5308,0.111249126,0.080664,5,false
max_time,fletchcr,LBFGSSolver,92,10000,603.0822315209999,32.228,4891,4891,5340,4.194e-5,0.000592,3,5335,0.113183378,0.080664,5,false
max_time,fletchcr,LBFGSSolver,93,10000,603.012613234,32.543288,4880,4880,5339,4.16e-5,0.000592,3,5334,0.111481539,0.080664,5,false
max_time,fletchcr,LBFGSSolver,94,10000,603.021716688,32.86444,4885,4885,5327,4.691e-5,0.000592,3,5321,0.109771935,0.080664,5,false
max_time,fletchcr,LBFGSSolver,95,10000,603.026899975,33.18696,4890,4890,5333,4.5547e-5,0.000592,3,5328,0.111205207,0.080664,5,false
max_time,fletchcr,LBFGSSolver,96,10000,602.9876145009999,33.494296,4857,4857,5317,3.9215e-5,0.000592,3,5311,0.110180565,0.080664,5,false
max_time,fletchcr,LBFGSSolver,97,10000,603.076403926,33.835048,4910,4910,5347,3.9205e-5,0.000592,3,5341,0.110261947,0.080664,5,false
max_time,fletchcr,LBFGSSolver,98,10000,603.056673178,34.145552,4876,4876,5328,3.9626e-5,0.000592,3,5322,0.11069542,0.080664,5,false
max_time,fletchcr,LBFGSSolver,99,10000,603.084474215,34.460424,4872,4872,5322,4.3283e-5,0.000592,3,5316,0.110957214,0.080664,5,false
max_time,fletchcr,LBFGSSolver,100,10000,603.0337459169999,34.77396,4854,4854,5312,3.9586e-5,0.000592,3,5307,0.111092634,0.080664,5,false
first_order,freuroth,LBFGSSolver,1,10000,30.125142961999998,1.06324,40,40,57,0.062378202,8.578736,164203,50,0.901008835,29.902432,573589,true
first_order,freuroth,LBFGSSolver,1,10000,30.139860070999998,1.06324,40,40,57,4.2301e-5,0.000592,3,50,0.58640253,0.080664,5,false
first_order,freuroth,LBFGSSolver,2,10000,22.522592984,1.37964,30,30,44,2.5409e-5,0.000592,3,37,0.589217965,0.080664,5,false
first_order,freuroth,LBFGSSolver,3,10000,19.572554811,1.69796,25,25,38,2.5869e-5,0.000592,3,32,0.587064832,0.080664,5,false
first_order,freuroth,LBFGSSolver,4,10000,18.338849456,2.017704,24,24,35,2.2503e-5,0.000592,3,30,0.587971617,0.080664,5,false
first_order,freuroth,LBFGSSolver,5,10000,17.199007603000002,2.337464,23,23,33,2.103e-5,0.000592,3,28,0.585224207,0.080664,5,false
first_order,freuroth,LBFGSSolver,6,10000,18.909949011,2.658216,24,24,36,2.0098e-5,0.000592,3,31,0.584015327,0.080664,5,false
first_order,freuroth,LBFGSSolver,7,10000,17.151115224,2.97764,22,22,34,2.0079e-5,0.000592,3,28,0.584082477,0.080664,5,false
first_order,freuroth,LBFGSSolver,8,10000,17.739655858,3.29828,23,23,35,4.2612e-5,0.000592,3,29,0.582957848,0.080664,5,false
first_order,freuroth,LBFGSSolver,9,10000,17.810032364999998,3.618472,23,23,35,2.7112e-5,0.000592,3,29,0.586214657,0.080664,5,false
first_order,freuroth,LBFGSSolver,10,10000,17.737370973,3.938728,23,23,35,2.12e-5,0.000592,3,29,0.587842721,0.080664,5,false
first_order,freuroth,LBFGSSolver,11,10000,17.760447911,4.258904,23,23,35,4.2732e-5,0.000592,3,29,0.586945757,0.080664,5,false
first_order,freuroth,LBFGSSolver,12,10000,17.745724942,4.57916,23,23,35,2.8645e-5,0.000592,3,29,0.584936848,0.080664,5,false
first_order,freuroth,LBFGSSolver,13,10000,17.744931151,4.899368,23,23,35,3.0017e-5,0.000592,3,29,0.586925742,0.080664,5,false
first_order,freuroth,LBFGSSolver,14,10000,17.747306417,5.219608,23,23,35,1.9787e-5,0.000592,3,29,0.5867147,0.080664,5,false
first_order,freuroth,LBFGSSolver,15,10000,17.747219446,5.539816,23,23,35,2.0298e-5,0.000592,3,29,0.586493909,0.080664,5,false
first_order,freuroth,LBFGSSolver,16,10000,17.695124013999997,5.860072,23,23,35,4.7712e-5,0.000592,3,29,0.586410931,0.080664,5,false
first_order,freuroth,LBFGSSolver,17,10000,17.764176760999998,6.180248,23,23,35,2.3515e-5,0.000592,3,29,0.584554373,0.080664,5,false
first_order,freuroth,LBFGSSolver,18,10000,17.763895243,6.500536,23,23,35,4.199e-5,0.000592,3,29,0.587328337,0.080664,5,false
first_order,freuroth,LBFGSSolver,19,10000,17.735236975,6.820712,23,23,35,2.4126e-5,0.000592,3,29,0.583917067,0.080664,5,false
first_order,freuroth,LBFGSSolver,20,10000,17.677841245,7.140968,23,23,35,2.3565e-5,0.000592,3,29,0.585792794,0.080664,5,false
first_order,freuroth,LBFGSSolver,21,10000,17.74378252,7.461144,23,23,35,4.2781e-5,0.000592,3,29,0.584009586,0.080664,5,false
first_order,freuroth,LBFGSSolver,22,10000,17.704738913,7.781416,23,23,35,2.5839e-5,0.000592,3,29,0.586445224,0.080664,5,false
first_order,freuroth,LBFGSSolver,23,10000,17.708949239,8.101592,23,23,35,2.2173e-5,0.000592,3,29,0.587223292,0.080664,5,false
first_order,freuroth,LBFGSSolver,24,10000,17.679225618,8.42188,23,23,35,4.713e-5,0.000592,3,29,0.58346105,0.080664,5,false
first_order,freuroth,LBFGSSolver,25,10000,17.714476186,8.742056,23,23,35,2.586e-5,0.000592,3,29,0.584347956,0.080664,5,false
first_order,freuroth,LBFGSSolver,26,10000,17.705173915,9.062296,23,23,35,2.0118e-5,0.000592,3,29,0.58285346,0.080664,5,false
first_order,freuroth,LBFGSSolver,27,10000,17.710207862,9.38252,23,23,35,4.8783e-5,0.000592,3,29,0.585150252,0.080664,5,false
first_order,freuroth,LBFGSSolver,28,10000,17.760716899,9.70276,23,23,35,2.3565e-5,0.000592,3,29,0.584996649,0.080664,5,false
first_order,freuroth,LBFGSSolver,29,10000,17.712544594,10.022936,23,23,35,4.2461e-5,0.000592,3,29,0.582770905,0.080664,5,false
first_order,freuroth,LBFGSSolver,30,10000,17.750891808,10.343224,23,23,35,2.4476e-5,0.000592,3,29,0.586194702,0.080664,5,false
first_order,freuroth,LBFGSSolver,31,10000,17.750647010999998,10.6634,23,23,35,2.3495e-5,0.000592,3,29,0.58587468,0.080664,5,false
first_order,freuroth,LBFGSSolver,32,10000,17.752791419999998,10.98364,23,23,35,4.3042e-5,0.000592,3,29,0.588194065,0.080664,5,false
first_order,freuroth,LBFGSSolver,33,10000,17.734777127999998,11.303848,23,23,35,2.5849e-5,0.000592,3,29,0.587200096,0.080664,5,false
first_order,freuroth,LBFGSSolver,34,10000,17.767096486,11.624088,23,23,35,2.1341e-5,0.000592,3,29,0.585699728,0.080664,5,false
first_order,freuroth,LBFGSSolver,35,10000,17.759489419999998,11.944312,23,23,35,4.718e-5,0.000592,3,29,0.587420539,0.080664,5,false
first_order,freuroth,LBFGSSolver,36,10000,17.750535569,12.264616,23,23,35,2.7723e-5,0.000592,3,29,0.587073506,0.080664,5,false
first_order,freuroth,LBFGSSolver,37,10000,17.753114716,12.584792,23,23,35,2.0088e-5,0.000592,3,29,0.585678078,0.080664,5,false
first_order,freuroth,LBFGSSolver,38,10000,17.759142797,12.905016,23,23,35,4.692e-5,0.000592,3,29,0.585984995,0.080664,5,false
first_order,freuroth,LBFGSSolver,39,10000,17.775446704,13.225192,23,23,35,2.7873e-5,0.000592,3,29,0.58817345,0.080664,5,false
first_order,freuroth,LBFGSSolver,40,10000,17.867658061,13.545496,23,23,35,4.4084e-5,0.000592,3,29,0.585496303,0.080664,5,false
first_order,freuroth,LBFGSSolver,41,10000,17.763549058,13.865736,23,23,35,2.4497e-5,0.000592,3,29,0.602177364,0.080664,5,false
first_order,freuroth,LBFGSSolver,42,10000,17.779372142,14.185912,23,23,35,2.4667e-5,0.000592,3,29,0.584995676,0.080664,5,false
first_order,freuroth,LBFGSSolver,43,10000,17.762598688,14.506088,23,23,35,4.2882e-5,0.000592,3,29,0.592530181,0.080664,5,false
first_order,freuroth,LBFGSSolver,44,10000,17.75637896,14.826392,23,23,35,2.626e-5,0.000592,3,29,0.58606948,0.080664,5,false
first_order,freuroth,LBFGSSolver,45,10000,17.776306531,15.146648,23,23,35,2.1561e-5,0.000592,3,29,0.58585463,0.080664,5,false
first_order,freuroth,LBFGSSolver,46,10000,17.782407967999998,15.466824,23,23,35,4.716e-5,0.000592,3,29,0.585232441,0.080664,5,false
first_order,freuroth,LBFGSSolver,47,10000,17.856776060999998,15.787,23,23,35,2.3365e-5,0.000592,3,29,0.585611266,0.080664,5,false
first_order,freuroth,LBFGSSolver,48,10000,17.885099542,16.107368,23,23,35,2.0149e-5,0.000592,3,29,0.588792678,0.080664,5,false
first_order,freuroth,LBFGSSolver,49,10000,17.874231815999998,16.427544,23,23,35,4.7291e-5,0.000592,3,29,0.591594725,0.080664,5,false
first_order,freuroth,LBFGSSolver,50,10000,17.863400158999998,16.7478,23,23,35,2.3645e-5,0.000592,3,29,0.59269519,0.080664,5,false
first_order,freuroth,LBFGSSolver,51,10000,17.836587938999998,17.067976,23,23,35,4.7762e-5,0.000592,3,29,0.589733999,0.080664,5,false
first_order,freuroth,LBFGSSolver,52,10000,17.880707518999998,17.388152,23,23,35,2.4857e-5,0.000592,3,29,0.58989094,0.080664,5,false
first_order,freuroth,LBFGSSolver,53,10000,17.866201124,17.708328,23,23,35,2.2423e-5,0.000592,3,29,0.590354246,0.080664,5,false
first_order,freuroth,LBFGSSolver,54,10000,17.872132052999998,18.028696,23,23,35,4.2642e-5,0.000592,3,29,0.590948212,0.080664,5,false
first_order,freuroth,LBFGSSolver,55,10000,17.875121648,18.348984,23,23,35,2.4707e-5,0.000592,3,29,0.589464816,0.080664,5,false
first_order,freuroth,LBFGSSolver,56,10000,17.873988911999998,18.66916,23,23,35,2.3555e-5,0.000592,3,29,0.591976789,0.080664,5,false
first_order,freuroth,LBFGSSolver,57,10000,17.877064059,18.989336,23,23,35,4.3473e-5,0.000592,3,29,0.588343102,0.080664,5,false
first_order,freuroth,LBFGSSolver,58,10000,17.881700522,19.309512,23,23,35,2.7152e-5,0.000592,3,29,0.589391286,0.080664,5,false
first_order,freuroth,LBFGSSolver,59,10000,17.862058057,19.629688,23,23,35,2.2002e-5,0.000592,3,29,0.589891754,0.080664,5,false
first_order,freuroth,LBFGSSolver,60,10000,17.680994228,19.950056,23,23,35,4.672e-5,0.000592,3,29,0.5832468,0.080664,5,false
first_order,freuroth,LBFGSSolver,61,10000,17.741656913,20.270232,23,23,35,2.2964e-5,0.000592,3,29,0.585700331,0.080664,5,false
first_order,freuroth,LBFGSSolver,62,10000,17.757173375,20.590488,23,23,35,2.112e-5,0.000592,3,29,0.585310014,0.080664,5,false
first_order,freuroth,LBFGSSolver,63,10000,17.758360230999997,20.910664,23,23,35,5.1188e-5,0.000592,3,29,0.586079736,0.080664,5,false
first_order,freuroth,LBFGSSolver,64,10000,17.764479758,21.23084,23,23,35,2.3756e-5,0.000592,3,29,0.587111449,0.080664,5,false
first_order,freuroth,LBFGSSolver,65,10000,17.763165382,21.551016,23,23,35,4.2421e-5,0.000592,3,29,0.586085137,0.080664,5,false
first_order,freuroth,LBFGSSolver,66,10000,17.766139323,21.87132,23,23,35,2.4417e-5,0.000592,3,29,0.586504109,0.080664,5,false
first_order,freuroth,LBFGSSolver,67,10000,17.760220353999998,22.191576,23,23,35,2.3806e-5,0.000592,3,29,0.584208219,0.080664,5,false
first_order,freuroth,LBFGSSolver,68,10000,17.798475768,22.511752,23,23,35,4.2361e-5,0.000592,3,29,0.588027472,0.080664,5,false
first_order,freuroth,LBFGSSolver,69,10000,17.827799557,22.831928,23,23,35,3.2422e-5,0.000592,3,29,0.589228087,0.080664,5,false
first_order,freuroth,LBFGSSolver,70,10000,17.88820038,23.152296,23,23,35,2.9236e-5,0.000592,3,29,0.589640025,0.080664,5,false
first_order,freuroth,LBFGSSolver,71,10000,17.744983395,23.472472,23,23,35,4.7e-5,0.000592,3,29,0.584066099,0.080664,5,false
first_order,freuroth,LBFGSSolver,72,10000,17.765138164,23.792728,23,23,35,2.3615e-5,0.000592,3,29,0.586854209,0.080664,5,false
first_order,freuroth,LBFGSSolver,73,10000,17.76075028,24.112904,23,23,35,2.0148e-5,0.000592,3,29,0.587620715,0.080664,5,false
first_order,freuroth,LBFGSSolver,74,10000,17.785719131,24.43308,23,23,35,4.702e-5,0.000592,3,29,0.585998403,0.080664,5,false
first_order,freuroth,LBFGSSolver,75,10000,17.751875161999997,24.753256,23,23,35,2.2824e-5,0.000592,3,29,0.583306547,0.080664,5,false
first_order,freuroth,LBFGSSolver,76,10000,17.812859288,25.073624,23,23,35,2.1241e-5,0.000592,3,29,0.583954997,0.080664,5,false
first_order,freuroth,LBFGSSolver,77,10000,17.765294356,25.393912,23,23,35,4.697e-5,0.000592,3,29,0.585776549,0.080664,5,false
first_order,freuroth,LBFGSSolver,78,10000,17.777547256,25.714088,23,23,35,2.3935e-5,0.000592,3,29,0.585176994,0.080664,5,false
first_order,freuroth,LBFGSSolver,79,10000,17.744054176,26.034264,23,23,35,1.9928e-5,0.000592,3,29,0.586468042,0.080664,5,false
first_order,freuroth,LBFGSSolver,80,10000,17.717773726,26.35444,23,23,35,4.7331e-5,0.000592,3,29,0.584510771,0.080664,5,false
first_order,freuroth,LBFGSSolver,81,10000,17.687654675999998,26.674616,23,23,35,2.3865e-5,0.000592,3,29,0.584286392,0.080664,5,false
first_order,freuroth,LBFGSSolver,82,10000,17.692599754,26.995048,23,23,35,4.2652e-5,0.000592,3,29,0.582879391,0.080664,5,false
first_order,freuroth,LBFGSSolver,83,10000,17.700401111999998,27.315224,23,23,35,2.4727e-5,0.000592,3,29,0.584077892,0.080664,5,false
first_order,freuroth,LBFGSSolver,84,10000,17.687689563,27.635528,23,23,35,2.4206e-5,0.000592,3,29,0.583154428,0.080664,5,false
first_order,freuroth,LBFGSSolver,85,10000,17.692343596,27.955704,23,23,35,4.2541e-5,0.000592,3,29,0.584851492,0.080664,5,false
first_order,freuroth,LBFGSSolver,86,10000,17.686749583,28.27588,23,23,35,2.4867e-5,0.000592,3,29,0.583049432,0.080664,5,false
first_order,freuroth,LBFGSSolver,87,10000,17.700985886999998,28.596056,23,23,35,2.3986e-5,0.000592,3,29,0.583019439,0.080664,5,false
first_order,freuroth,LBFGSSolver,88,10000,17.685784992,28.916232,23,23,35,2.0159e-5,0.000592,3,29,0.582639987,0.080664,5,false
first_order,freuroth,LBFGSSolver,89,10000,17.67982278,29.236408,23,23,35,2.0248e-5,0.000592,3,29,0.583414842,0.080664,5,false
first_order,freuroth,LBFGSSolver,90,10000,17.685306019,29.556904,23,23,35,2.0159e-5,0.000592,3,29,0.582913366,0.080664,5,false
first_order,freuroth,LBFGSSolver,91,10000,17.704910053,29.87708,23,23,35,2.4688e-5,0.000592,3,29,0.58364078,0.080664,5,false
first_order,freuroth,LBFGSSolver,92,10000,17.691683253,30.1974,23,23,35,2.3525e-5,0.000592,3,29,0.583846264,0.080664,5,false
first_order,freuroth,LBFGSSolver,93,10000,17.692555215,30.517576,23,23,35,4.2752e-5,0.000592,3,29,0.582474805,0.080664,5,false
first_order,freuroth,LBFGSSolver,94,10000,17.69391005,30.837752,23,23,35,2.4717e-5,0.000592,3,29,0.583454208,0.080664,5,false
first_order,freuroth,LBFGSSolver,95,10000,17.688374926999998,31.157928,23,23,35,2.3686e-5,0.000592,3,29,0.583748031,0.080664,5,false
first_order,freuroth,LBFGSSolver,96,10000,17.696823389,31.478104,23,23,35,2.4928e-5,0.000592,3,29,0.584626411,0.080664,5,false
first_order,freuroth,LBFGSSolver,97,10000,17.685163049,31.79828,23,23,35,2.3444e-5,0.000592,3,29,0.583637762,0.080664,5,false
first_order,freuroth,LBFGSSolver,98,10000,17.682814327,32.118456,23,23,35,2.4627e-5,0.000592,3,29,0.584614218,0.080664,5,false
first_order,freuroth,LBFGSSolver,99,10000,17.717437749,32.441888,23,23,35,2.3745e-5,0.000592,3,29,0.584240643,0.080664,5,false
first_order,freuroth,LBFGSSolver,100,10000,17.684650182,32.762128,23,23,35,1.9727e-5,0.000592,3,29,0.583037424,0.080664,5,false
max_time,genhumps,LBFGSSolver,1,10000,601.860048372,1.375336,835,835,922,0.094421529,11.520664,236252,898,0.903421545,15.975648,309332,true
max_time,genhumps,LBFGSSolver,1,10000,601.809576969,1.377,839,839,926,0.000234899,0.000592,3,902,0.676786122,0.080664,5,false
max_time,genhumps,LBFGSSolver,2,10000,601.856410848,1.704552,832,832,1097,0.000249567,0.000592,3,997,0.677036076,0.080664,5,false
max_time,genhumps,LBFGSSolver,3,10000,601.695009907,2.033256,854,854,1111,0.000228477,0.000592,3,1001,0.670408916,0.080664,5,false
first_order,genhumps,LBFGSSolver,4,10000,592.051774958,2.349016,847,847,1073,0.000228788,0.000592,3,986,0.672123747,0.080664,5,false
first_order,genhumps,LBFGSSolver,5,10000,578.289618027,2.650456,795,795,1072,0.000244207,0.000592,3,965,0.670473868,0.080664,5,false
first_order,genhumps,LBFGSSolver,6,10000,521.814691301,2.937144,718,718,967,0.000228257,0.000592,3,870,0.677778287,0.080664,5,false
max_time,genhumps,LBFGSSolver,7,10000,601.537631154,3.312648,850,850,1105,0.000249968,0.000592,3,1002,0.669850154,0.080664,5,false
max_time,genhumps,LBFGSSolver,8,10000,601.5800644990001,3.634792,853,853,1123,0.000247924,0.000592,3,1003,0.675274486,0.080664,5,false
max_time,genhumps,LBFGSSolver,9,10000,601.626804141,3.906072,728,728,1051,0.000228837,0.000592,3,918,0.672821495,0.080664,5,false
max_time,genhumps,LBFGSSolver,10,10000,601.862856865,4.24452,777,777,1064,0.000235811,0.000592,3,931,0.676316727,0.080664,5,false
max_time,genhumps,LBFGSSolver,11,10000,601.809452283,4.583896,817,817,1153,0.000248766,0.000592,3,998,0.67458745,0.080664,5,false
max_time,genhumps,LBFGSSolver,12,10000,601.5232497110001,4.908408,833,833,1121,0.000242053,0.000592,3,999,0.676381625,0.080664,5,false
max_time,genhumps,LBFGSSolver,13,10000,601.659114078,5.227192,828,828,1129,0.000253154,0.000592,3,1000,0.677628981,0.080664,5,false
max_time,genhumps,LBFGSSolver,14,10000,601.680856334,5.548408,823,823,1181,0.000250368,0.000592,3,1003,0.670001343,0.080664,5,false
max_time,genhumps,LBFGSSolver,15,10000,601.712465673,5.879528,861,861,1132,0.000228116,0.000592,3,1003,0.669475033,0.080664,5,false
max_time,genhumps,LBFGSSolver,16,10000,601.519635813,6.187512,827,827,1126,0.000234328,0.000592,3,999,0.673607841,0.080664,5,false
max_time,genhumps,LBFGSSolver,17,10000,601.913476482,6.47932,763,763,1035,0.00025632,0.000592,3,911,0.679927831,0.080664,5,false
max_time,genhumps,LBFGSSolver,18,10000,601.5424905,6.830552,832,832,1143,0.000245429,0.000592,3,999,0.670158326,0.080664,5,false
max_time,genhumps,LBFGSSolver,19,10000,601.771723905,7.148904,825,825,1156,0.000252363,0.000592,3,997,0.674280393,0.080664,5,false
max_time,genhumps,LBFGSSolver,20,10000,601.708570407,7.448312,790,790,1007,0.000260648,0.000592,3,911,0.677020146,0.080664,5,false
max_time,genhumps,LBFGSSolver,21,10000,601.799643425,7.78716,821,821,1142,0.000253565,0.000592,3,1002,0.672739311,0.080664,5,false
max_time,genhumps,LBFGSSolver,22,10000,601.399814554,8.112376,835,835,1139,0.000227966,0.000592,3,1001,0.672486132,0.080664,5,false
max_time,genhumps,LBFGSSolver,23,10000,601.698045783,8.429848,823,823,1174,0.000246481,0.000592,3,1005,0.671591602,0.080664,5,false
max_time,genhumps,LBFGSSolver,24,10000,601.50243933,8.752456,831,831,1159,0.000235079,0.000592,3,1000,0.670583461,0.080664,5,false
max_time,genhumps,LBFGSSolver,25,10000,601.595795888,9.067528,819,819,1143,0.000229298,0.000592,3,1003,0.66931601,0.080664,5,false
max_time,genhumps,LBFGSSolver,26,10000,601.852008161,9.397016,848,848,1125,0.000246331,0.000592,3,1001,0.67458505,0.080664,5,false
max_time,genhumps,LBFGSSolver,27,10000,601.867417615,9.714552,840,840,1124,0.000246391,0.000592,3,1000,0.673817409,0.080664,5,false
max_time,genhumps,LBFGSSolver,28,10000,602.171796053,10.037016,849,849,1108,0.000229168,0.000592,3,1000,0.670605222,0.080664,5,false
max_time,genhumps,LBFGSSolver,29,10000,601.613915486,10.350696,822,822,1171,0.000246361,0.000592,3,999,0.675064774,0.080664,5,false
max_time,genhumps,LBFGSSolver,30,10000,601.456009355,10.670888,826,826,1137,0.000248114,0.000592,3,999,0.675135842,0.080664,5,false
max_time,genhumps,LBFGSSolver,31,10000,601.687962091,10.95764,751,751,1020,0.000252533,0.000592,3,912,0.671039979,0.080664,5,false
max_time,genhumps,LBFGSSolver,32,10000,601.834656696,11.314808,838,838,1124,0.000252663,0.000592,3,1001,0.673339139,0.080664,5,false
max_time,genhumps,LBFGSSolver,33,10000,601.443142569,11.630504,822,822,1146,0.000227525,0.000592,3,1001,0.672966181,0.080664,5,false
max_time,genhumps,LBFGSSolver,34,10000,601.926919661,11.923464,756,756,1085,0.000248164,0.000592,3,931,0.66938691,0.080664,5,false
max_time,genhumps,LBFGSSolver,35,10000,601.709707615,12.272856,832,832,1114,0.000230841,0.000592,3,1001,0.674657137,0.080664,5,false
max_time,genhumps,LBFGSSolver,36,10000,601.44588136,12.585688,806,806,1150,0.000232835,0.000592,3,999,0.671677437,0.080664,5,false
max_time,genhumps,LBFGSSolver,37,10000,601.830464281,12.911304,816,816,1186,0.000264386,0.000592,3,999,0.672299385,0.080664,5,false
max_time,genhumps,LBFGSSolver,38,10000,601.640984213,13.235384,834,834,1134,0.00023585,0.000592,3,1000,0.673058794,0.080664,5,false
max_time,genhumps,LBFGSSolver,39,10000,601.4242717660001,13.544632,801,801,1153,0.000247253,0.000592,3,999,0.669286977,0.080664,5,false
max_time,genhumps,LBFGSSolver,40,10000,601.33569083,13.870632,816,816,1158,0.00023542,0.000592,3,998,0.672084696,0.080664,5,false
max_time,genhumps,LBFGSSolver,41,10000,602.260581488,14.187064,807,807,1147,0.000252273,0.000592,3,1002,0.671067819,0.080664,5,false
max_time,genhumps,LBFGSSolver,42,10000,601.506694117,14.51532,833,833,1124,0.00025111,0.000592,3,1000,0.670515531,0.080664,5,false
max_time,genhumps,LBFGSSolver,43,10000,601.554734857,14.804216,755,755,1068,0.000228097,0.000592,3,913,0.670912617,0.080664,5,false
max_time,genhumps,LBFGSSolver,44,10000,601.796237742,15.153096,825,825,1125,0.000243366,0.000592,3,1000,0.672756363,0.080664,5,false
max_time,genhumps,LBFGSSolver,45,10000,601.678053753,15.477752,829,829,1186,0.000228747,0.000592,3,1000,0.673306329,0.080664,5,false
max_time,genhumps,LBFGSSolver,46,10000,601.770308563,15.793304,821,821,1149,0.000243846,0.000592,3,1001,0.671438925,0.080664,5,false
max_time,genhumps,LBFGSSolver,47,10000,601.388938344,16.119032,840,840,1127,0.000250679,0.000592,3,1001,0.674482665,0.080664,5,false
max_time,genhumps,LBFGSSolver,48,10000,601.760594678,16.434408,826,826,1125,0.000252443,0.000592,3,1002,0.669334981,0.080664,5,false
max_time,genhumps,LBFGSSolver,49,10000,601.795160121,16.753496,820,820,1146,0.000252653,0.000592,3,1000,0.672101906,0.080664,5,false
max_time,genhumps,LBFGSSolver,50,10000,602.042342495,17.076888,825,825,1172,0.000245519,0.000592,3,1002,0.672360097,0.080664,5,false
max_time,genhumps,LBFGSSolver,51,10000,602.283819255,17.398536,835,835,1132,0.000244617,0.000592,3,1001,0.671896722,0.080664,5,false
max_time,genhumps,LBFGSSolver,52,10000,601.712403431,17.711144,815,815,1126,0.000253996,0.000592,3,996,0.674650601,0.080664,5,false
max_time,genhumps,LBFGSSolver,53,10000,601.468400012,18.036568,826,826,1152,0.000240139,0.000592,3,998,0.676121711,0.080664,5,false
max_time,genhumps,LBFGSSolver,54,10000,601.756146141,18.361288,835,835,1174,0.000236341,0.000592,3,1000,0.672899255,0.080664,5,false
max_time,genhumps,LBFGSSolver,55,10000,602.050716505,18.682296,841,841,1144,0.000253655,0.000592,3,1001,0.678941209,0.080664,5,false
max_time,genhumps,LBFGSSolver,56,10000,601.670024425,18.99804,828,828,1148,0.000245218,0.000592,3,996,0.67094943,0.080664,5,false
max_time,genhumps,LBFGSSolver,57,10000,602.439330343,19.31484,821,821,1132,0.000259176,0.000592,3,997,0.671199315,0.080664,5,false
max_time,genhumps,LBFGSSolver,58,10000,601.431392631,19.635384,822,822,1133,0.0002405,0.000592,3,996,0.671712014,0.080664,5,false
max_time,genhumps,LBFGSSolver,59,10000,601.956016933,19.957048,820,820,1178,0.000254316,0.000592,3,992,0.67656834,0.080664,5,false
max_time,genhumps,LBFGSSolver,60,10000,602.439257817,20.27044,811,811,1102,0.00023002,0.000592,3,982,0.675963028,0.080664,5,false
max_time,genhumps,LBFGSSolver,61,10000,601.386922641,20.600808,840,840,1098,0.000246832,0.000592,3,991,0.695040768,0.080664,5,false
max_time,genhumps,LBFGSSolver,62,10000,602.110367551,20.915112,817,817,1143,0.000253975,0.000592,3,998,0.673352916,0.080664,5,false
max_time,genhumps,LBFGSSolver,63,10000,601.858947004,21.242344,837,837,1143,0.000248886,0.000592,3,994,0.680293157,0.080664,5,false
max_time,genhumps,LBFGSSolver,64,10000,601.54306503,21.551992,811,811,1115,0.000255087,0.000592,3,987,0.673120706,0.080664,5,false
max_time,genhumps,LBFGSSolver,65,10000,601.643265232,21.87324,811,811,1140,0.000252934,0.000592,3,980,0.689087269,0.080664,5,false
max_time,genhumps,LBFGSSolver,66,10000,601.495535645,22.201304,836,836,1115,0.000252683,0.000592,3,993,0.671913023,0.080664,5,false
max_time,genhumps,LBFGSSolver,67,10000,601.943685434,22.510312,804,804,1122,0.000250739,0.000592,3,977,0.669035432,0.080664,5,false
max_time,genhumps,LBFGSSolver,68,10000,601.583186589,22.815288,774,774,1045,0.000253475,0.000592,3,915,0.71964407,0.080664,5,false
max_time,genhumps,LBFGSSolver,69,10000,601.568326069,23.157416,819,819,1146,0.000279003,0.000592,3,997,0.671298004,0.080664,5,false
max_time,genhumps,LBFGSSolver,70,10000,601.730753501,23.475304,810,810,1161,0.000231823,0.000592,3,998,0.676565498,0.080664,5,false
max_time,genhumps,LBFGSSolver,71,10000,601.720710856,23.79444,812,812,1126,0.000249657,0.000592,3,984,0.674255598,0.080664,5,false
max_time,genhumps,LBFGSSolver,72,10000,601.561223537,24.114408,816,816,1092,0.000259335,0.000592,3,983,0.696829625,0.080664,5,false
max_time,genhumps,LBFGSSolver,73,10000,601.44132149,24.437736,812,812,1181,0.000251711,0.000592,3,996,0.671484307,0.080664,5,false
max_time,genhumps,LBFGSSolver,74,10000,601.710167464,24.762696,830,830,1148,0.000250799,0.000592,3,1000,0.675882331,0.080664,5,false
max_time,genhumps,LBFGSSolver,75,10000,601.516664878,25.072712,808,808,1102,0.00025097,0.000592,3,998,0.674519456,0.080664,5,false
max_time,genhumps,LBFGSSolver,76,10000,601.548118932,25.40412,834,834,1141,0.000257022,0.000592,3,998,0.672677295,0.080664,5,false
max_time,genhumps,LBFGSSolver,77,10000,601.400821743,25.727848,847,847,1115,0.000257623,0.000592,3,1001,0.671583816,0.080664,5,false
max_time,genhumps,LBFGSSolver,78,10000,602.243934487,26.042088,826,826,1144,0.000249788,0.000592,3,1003,0.673162774,0.080664,5,false
max_time,genhumps,LBFGSSolver,79,10000,601.6729986,26.362376,826,826,1149,0.000289263,0.000592,3,998,0.677775958,0.080664,5,false
max_time,genhumps,LBFGSSolver,80,10000,601.91550928,26.682968,831,831,1120,0.000262041,0.000592,3,999,0.673734459,0.080664,5,false
max_time,genhumps,LBFGSSolver,81,10000,602.407650822,27.011144,849,849,1152,0.000287901,0.000592,3,1001,0.669465059,0.080664,5,false
max_time,genhumps,LBFGSSolver,82,10000,602.229527674,27.3278,843,843,1119,0.000247002,0.000592,3,1000,0.67044814,0.080664,5,false
max_time,genhumps,LBFGSSolver,83,10000,601.484042086,27.643464,825,825,1157,0.000234338,0.000592,3,997,0.675420918,0.080664,5,false
max_time,genhumps,LBFGSSolver,84,10000,601.824169698,27.965528,834,834,1129,0.000249908,0.000592,3,999,0.670346903,0.080664,5,false
max_time,genhumps,LBFGSSolver,85,10000,601.831808372,28.287912,835,835,1167,0.000254817,0.000592,3,999,0.672986165,0.080664,5,false
max_time,genhumps,LBFGSSolver,86,10000,601.431273642,28.6014,818,818,1155,0.000257622,0.000592,3,994,0.680248607,0.080664,5,false
max_time,genhumps,LBFGSSolver,87,10000,601.783322987,28.921256,821,821,1126,0.000249637,0.000592,3,998,0.674465652,0.080664,5,false
max_time,genhumps,LBFGSSolver,88,10000,601.755120077,29.245208,831,831,1129,0.000278673,0.000592,3,998,0.671699966,0.080664,5,false
max_time,genhumps,LBFGSSolver,89,10000,601.813196072,29.562568,820,820,1152,0.000242914,0.000592,3,998,0.675195763,0.080664,5,false
max_time,genhumps,LBFGSSolver,90,10000,601.786010958,29.879048,809,809,1148,0.000249587,0.000592,3,998,0.671492214,0.080664,5,false
max_time,genhumps,LBFGSSolver,91,10000,601.899736431,30.206728,834,834,1122,0.000249947,0.000592,3,1001,0.673456028,0.080664,5,false
max_time,genhumps,LBFGSSolver,92,10000,601.934303609,30.526456,830,830,1136,0.000240129,0.000592,3,1000,0.671433989,0.080664,5,false
max_time,genhumps,LBFGSSolver,93,10000,601.74607212,30.845816,826,826,1149,0.000225161,0.000592,3,997,0.669689807,0.080664,5,false
max_time,genhumps,LBFGSSolver,94,10000,601.785358034,31.169224,838,838,1129,0.000251741,0.000592,3,1000,0.672792116,0.080664,5,false
max_time,genhumps,LBFGSSolver,95,10000,601.349611729,31.489832,835,835,1160,0.000253043,0.000592,3,1001,0.672958461,0.080664,5,false
max_time,genhumps,LBFGSSolver,96,10000,601.551865761,31.808248,837,837,1110,0.000288882,0.000592,3,1002,0.671386976,0.080664,5,false
max_time,genhumps,LBFGSSolver,97,10000,601.804939231,32.12716,835,835,1099,0.000236572,0.000592,3,1000,0.669437786,0.080664,5,false
max_time,genhumps,LBFGSSolver,98,10000,601.875431494,32.4534,848,848,1130,0.000251801,0.000592,3,997,0.67069077,0.080664,5,false
max_time,genhumps,LBFGSSolver,99,10000,601.749918088,32.771048,843,843,1115,0.000250298,0.000592,3,998,0.670737582,0.080664,5,false
max_time,genhumps,LBFGSSolver,100,10000,601.715367316,33.087912,831,831,1125,0.000249577,0.000592,3,1000,0.670788998,0.080664,5,false
max_time,genrose,LBFGSSolver,1,10000,601.4537444050001,2.548296,3635,3635,3845,0.055505184,13.443416,251727,3826,0.373940753,17.507864,329231,true
max_time,genrose,LBFGSSolver,1,10000,601.389799305,2.550792,3641,3641,3851,2.8465e-5,0.000592,3,3832,0.157654673,0.080664,5,false
max_time,genrose,LBFGSSolver,2,10000,601.496397133,2.814712,3495,3495,3773,4.4095e-5,0.000592,3,3758,0.155614798,0.080664,5,false
max_time,genrose,LBFGSSolver,3,10000,601.380065077,3.167,3581,3581,3801,5.7691e-5,0.000592,3,3787,0.160493532,0.080664,5,false
max_time,genrose,LBFGSSolver,4,10000,601.452489223,3.484344,3567,3567,3830,5.0316e-5,0.000592,3,3826,0.156562328,0.080664,5,false
max_time,genrose,LBFGSSolver,5,10000,601.42175013,3.787944,3521,3521,3824,4.721e-5,0.000592,3,3819,0.157414036,0.080664,5,false
max_time,genrose,LBFGSSolver,6,10000,601.411480472,4.089656,3467,3467,3832,5.0476e-5,0.000592,3,3824,0.156342657,0.080664,5,false
max_time,genrose,LBFGSSolver,7,10000,601.475684938,4.415496,3484,3484,3826,4.7641e-5,0.000592,3,3821,0.156935591,0.080664,5,false
max_time,genrose,LBFGSSolver,8,10000,601.436342451,4.701224,3389,3389,3810,4.8403e-5,0.000592,3,3801,0.15611927,0.080664,5,false
max_time,genrose,LBFGSSolver,9,10000,601.4822137900001,5.012856,3366,3366,3802,5.5526e-5,0.000592,3,3796,0.156342146,0.080664,5,false
max_time,genrose,LBFGSSolver,10,10000,601.376139493,5.337432,3377,3377,3811,5.6558e-5,0.000592,3,3797,0.156584934,0.080664,5,false
max_time,genrose,LBFGSSolver,11,10000,601.355102999,5.663128,3389,3389,3830,4.9495e-5,0.000592,3,3820,0.158226321,0.080664,5,false
max_time,genrose,LBFGSSolver,12,10000,601.370032085,5.989992,3408,3408,3829,5.0286e-5,0.000592,3,3818,0.155873215,0.080664,5,false
max_time,genrose,LBFGSSolver,13,10000,601.433196328,6.301992,3384,3384,3832,4.7251e-5,0.000592,3,3825,0.155855289,0.080664,5,false
max_time,genrose,LBFGSSolver,14,10000,601.420487065,6.616936,3370,3370,3827,5.0116e-5,0.000592,3,3816,0.157954994,0.080664,5,false
max_time,genrose,LBFGSSolver,15,10000,601.409387554,6.95524,3421,3421,3829,5.8913e-5,0.000592,3,3820,0.158283444,0.080664,5,false
max_time,genrose,LBFGSSolver,16,10000,601.4631057180001,7.2666,3396,3396,3828,5.4514e-5,0.000592,3,3817,0.156737699,0.080664,5,false
max_time,genrose,LBFGSSolver,17,10000,601.402452989,7.585048,3391,3391,3828,5.0116e-5,0.000592,3,3818,0.156476638,0.080664,5,false
max_time,genrose,LBFGSSolver,18,10000,601.493517374,7.89524,3363,3363,3824,5.4945e-5,0.000592,3,3816,0.158774986,0.080664,5,false
max_time,genrose,LBFGSSolver,19,10000,601.403674639,8.2138,3359,3359,3820,5.7099e-5,0.000592,3,3815,0.158016128,0.080664,5,false
max_time,genrose,LBFGSSolver,20,10000,601.349462691,8.534104,3358,3358,3827,4.8683e-5,0.000592,3,3818,0.155737122,0.080664,5,false
max_time,genrose,LBFGSSolver,21,10000,601.361732998,8.859496,3375,3375,3814,5.5526e-5,0.000592,3,3809,0.156427603,0.080664,5,false
max_time,genrose,LBFGSSolver,22,10000,601.482914911,9.17804,3369,3369,3820,5.5777e-5,0.000592,3,3815,0.156384,0.080664,5,false
max_time,genrose,LBFGSSolver,23,10000,601.5441257,9.50548,3388,3388,3830,5.2561e-5,0.000592,3,3821,0.158418461,0.080664,5,false
max_time,genrose,LBFGSSolver,24,10000,601.4872211420001,9.819048,3370,3370,3823,4.6689e-5,0.000592,3,3818,0.157731846,0.080664,5,false
max_time,genrose,LBFGSSolver,25,10000,601.422763522,10.13724,3365,3365,3822,5.1709e-5,0.000592,3,3807,0.156732588,0.080664,5,false
max_time,genrose,LBFGSSolver,26,10000,601.495173886,10.459016,3370,3370,3817,5.0597e-5,0.000592,3,3808,0.156190159,0.080664,5,false
max_time,genrose,LBFGSSolver,27,10000,601.494737804,10.774024,3353,3353,3829,5.1829e-5,0.000592,3,3820,0.157640623,0.080664,5,false
max_time,genrose,LBFGSSolver,28,10000,601.381659218,11.100632,3372,3372,3824,5.3762e-5,0.000592,3,3815,0.157938515,0.080664,5,false
max_time,genrose,LBFGSSolver,29,10000,601.469795417,11.414824,3356,3356,3819,5.3211e-5,0.000592,3,3808,0.156499482,0.080664,5,false
max_time,genrose,LBFGSSolver,30,10000,601.375310212,11.7382,3365,3365,3817,5.2029e-5,0.000592,3,3809,0.1565995,0.080664,5,false
max_time,genrose,LBFGSSolver,31,10000,601.501291252,12.057688,3364,3364,3812,4.7591e-5,0.000592,3,3803,0.157799525,0.080664,5,false
max_time,genrose,LBFGSSolver,32,10000,601.438073082,12.365816,3331,3331,3804,4.6639e-5,0.000592,3,3796,0.156166158,0.080664,5,false
max_time,genrose,LBFGSSolver,33,10000,601.344934059,12.700024,3370,3370,3808,5.4284e-5,0.000592,3,3801,0.15760243,0.080664,5,false
max_time,genrose,LBFGSSolver,34,10000,601.512663323,13.00756,3335,3335,3802,5.1629e-5,0.000592,3,3795,0.156878426,0.080664,5,false
max_time,genrose,LBFGSSolver,35,10000,601.401024238,13.331528,3348,3348,3789,4.9014e-5,0.000592,3,3782,0.155947053,0.080664,5,false
max_time,genrose,LBFGSSolver,36,10000,601.443267738,13.64948,3338,3338,3808,4.9364e-5,0.000592,3,3798,0.158054952,0.080664,5,false
max_time,genrose,LBFGSSolver,37,10000,601.562175466,13.97516,3358,3358,3783,4.9254e-5,0.000592,3,3777,0.158213698,0.080664,5,false
max_time,genrose,LBFGSSolver,38,10000,601.484739178,14.279272,3313,3313,3780,4.8322e-5,0.000592,3,3769,0.157950587,0.080664,5,false
max_time,genrose,LBFGSSolver,39,10000,601.548398097,14.601768,3318,3318,3788,4.8253e-5,0.000592,3,3780,0.159001803,0.080664,5,false
max_time,genrose,LBFGSSolver,40,10000,601.390542469,14.91668,3302,3302,3792,4.5958e-5,0.000592,3,3783,0.157137611,0.080664,5,false
max_time,genrose,LBFGSSolver,41,10000,601.490992547,15.253192,3345,3345,3809,2.4937e-5,0.000592,3,3803,0.156049714,0.080664,5,false
max_time,genrose,LBFGSSolver,42,10000,601.443641482,15.553816,3294,3294,3784,4.676e-5,0.000592,3,3778,0.156801426,0.080664,5,false
max_time,genrose,LBFGSSolver,43,10000,601.444330688,15.879864,3310,3310,3788,5.237e-5,0.000592,3,3781,0.158087675,0.080664,5,false
max_time,genrose,LBFGSSolver,44,10000,601.500270753,16.20692,3328,3328,3795,4.8222e-5,0.000592,3,3786,0.157186398,0.080664,5,false
max_time,genrose,LBFGSSolver,45,10000,601.464976333,16.528344,3331,3331,3796,4.8743e-5,0.000592,3,3790,0.157712631,0.080664,5,false
max_time,genrose,LBFGSSolver,46,10000,601.491066061,16.853336,3343,3343,3806,4.8553e-5,0.000592,3,3797,0.156573756,0.080664,5,false
max_time,genrose,LBFGSSolver,47,10000,601.377514051,17.1666,3326,3326,3791,4.8142e-5,0.000592,3,3784,0.15955327,0.080664,5,false
max_time,genrose,LBFGSSolver,48,10000,601.3493521,17.487592,3328,3328,3790,4.7721e-5,0.000592,3,3782,0.156199262,0.080664,5,false
max_time,genrose,LBFGSSolver,49,10000,601.472379423,17.801224,3314,3314,3765,5.1117e-5,0.000592,3,3756,0.158716406,0.080664,5,false
max_time,genrose,LBFGSSolver,50,10000,601.366284941,18.12492,3321,3321,3780,5.0206e-5,0.000592,3,3772,0.160032854,0.080664,5,false
max_time,genrose,LBFGSSolver,51,10000,601.377960662,18.447912,3326,3326,3797,4.8193e-5,0.000592,3,3787,0.156574054,0.080664,5,false
max_time,genrose,LBFGSSolver,52,10000,601.440254961,18.761928,3313,3313,3771,4.706e-5,0.000592,3,3766,0.156671469,0.080664,5,false
max_time,genrose,LBFGSSolver,53,10000,601.348943437,19.090296,3333,3333,3790,5.0497e-5,0.000592,3,3781,0.158192607,0.080664,5,false
max_time,genrose,LBFGSSolver,54,10000,601.451579174,19.40804,3330,3330,3765,4.689e-5,0.000592,3,3758,0.157053041,0.080664,5,false
max_time,genrose,LBFGSSolver,55,10000,601.403542274,19.736184,3347,3347,3794,4.9304e-5,0.000592,3,3788,0.156693446,0.080664,5,false
max_time,genrose,LBFGSSolver,56,10000,601.638182151,20.044456,3314,3314,3790,5.4094e-5,0.000592,3,3782,0.168614613,0.080664,5,false
max_time,genrose,LBFGSSolver,57,10000,601.354232476,20.37412,3338,3338,3807,4.5286e-5,0.000592,3,3796,0.15664345,0.080664,5,false
max_time,genrose,LBFGSSolver,58,10000,601.348543604,20.684296,3310,3310,3804,4.7811e-5,0.000592,3,3796,0.156087894,0.080664,5,false
max_time,genrose,LBFGSSolver,59,10000,601.4629625050001,21.012024,3332,3332,3802,4.721e-5,0.000592,3,3790,0.15580127,0.080664,5,false
max_time,genrose,LBFGSSolver,60,10000,601.385821016,21.335048,3340,3340,3798,5.2711e-5,0.000592,3,3792,0.158194962,0.080664,5,false
max_time,genrose,LBFGSSolver,61,10000,601.441935889,21.648168,3319,3319,3804,4.8132e-5,0.000592,3,3795,0.155755021,0.080664,5,false
max_time,genrose,LBFGSSolver,62,10000,601.36450805,21.970952,3331,3331,3777,4.8272e-5,0.000592,3,3770,0.156194689,0.080664,5,false
max_time,genrose,LBFGSSolver,63,10000,601.496705754,22.299016,3349,3349,3802,5.1989e-5,0.000592,3,3792,0.156019019,0.080664,5,false
max_time,genrose,LBFGSSolver,64,10000,601.4843527310001,22.612904,3331,3331,3802,4.6619e-5,0.000592,3,3795,0.155894571,0.080664,5,false
max_time,genrose,LBFGSSolver,65,10000,601.452522939,22.936936,3346,3346,3780,4.5407e-5,0.000592,3,3772,0.158040537,0.080664,5,false
max_time,genrose,LBFGSSolver,66,10000,601.4049004450001,23.243432,3308,3308,3773,4.8463e-5,0.000592,3,3766,0.157447688,0.080664,5,false
max_time,genrose,LBFGSSolver,67,10000,601.476998629,23.572984,3330,3330,3798,4.5417e-5,0.000592,3,3788,0.157647212,0.080664,5,false
max_time,genrose,LBFGSSolver,68,10000,601.397093536,23.873272,3279,3279,3767,4.695e-5,0.000592,3,3760,0.157329623,0.080664,5,false
max_time,genrose,LBFGSSolver,69,10000,601.391664491,24.210536,3325,3325,3782,5.2631e-5,0.000592,3,3771,0.157507525,0.080664,5,false
max_time,genrose,LBFGSSolver,70,10000,601.466151364,24.533256,3327,3327,3808,4.708e-5,0.000592,3,3796,0.155683228,0.080664,5,false
max_time,genrose,LBFGSSolver,71,10000,601.4872196480001,24.83668,3286,3286,3771,4.9525e-5,0.000592,3,3762,0.156207781,0.080664,5,false
max_time,genrose,LBFGSSolver,72,10000,601.397164581,25.171176,3321,3321,3801,4.735e-5,0.000592,3,3792,0.157073303,0.080664,5,false
max_time,genrose,LBFGSSolver,73,10000,601.366806744,25.47684,3283,3283,3783,4.6849e-5,0.000592,3,3775,0.157994476,0.080664,5,false
max_time,genrose,LBFGSSolver,74,10000,601.415150791,25.807816,3315,3315,3775,4.6969e-5,0.000592,3,3770,0.15703246,0.080664,5,false
max_time,genrose,LBFGSSolver,75,10000,601.458178409,26.124056,3303,3303,3780,5.6057e-5,0.000592,3,3773,0.157549462,0.080664,5,false
max_time,genrose,LBFGSSolver,76,10000,601.598961891,26.437576,3285,3285,3772,5.1238e-5,0.000592,3,3765,0.157255704,0.080664,5,false
max_time,genrose,LBFGSSolver,77,10000,601.370176354,26.77092,3320,3320,3784,5.0136e-5,0.000592,3,3775,0.157057804,0.080664,5,false
max_time,genrose,LBFGSSolver,78,10000,601.500657843,27.097432,3338,3338,3785,4.7461e-5,0.000592,3,3772,0.156382156,0.080664,5,false
max_time,genrose,LBFGSSolver,79,10000,601.35714571,27.40508,3305,3305,3769,5.1298e-5,0.000592,3,3763,0.159329572,0.080664,5,false
max_time,genrose,LBFGSSolver,80,10000,601.445202418,27.738568,3338,3338,3796,4.74e-5,0.000592,3,3788,0.157037339,0.080664,5,false
max_time,genrose,LBFGSSolver,81,10000,601.490027889,28.055368,3328,3328,3798,5.0146e-5,0.000592,3,3791,0.156415074,0.080664,5,false
max_time,genrose,LBFGSSolver,82,10000,601.4196086000001,28.377272,3334,3334,3788,4.9675e-5,0.000592,3,3781,0.156118009,0.080664,5,false
max_time,genrose,LBFGSSolver,83,10000,601.596168821,28.702424,3346,3346,3800,4.692e-5,0.000592,3,3792,0.156245538,0.080664,5,false
max_time,genrose,LBFGSSolver,84,10000,601.437429755,29.018136,3334,3334,3795,5.0547e-5,0.000592,3,3784,0.156068447,0.080664,5,false
max_time,genrose,LBFGSSolver,85,10000,601.462987201,29.333416,3323,3323,3778,4.9976e-5,0.000592,3,3771,0.155801745,0.080664,5,false
max_time,genrose,LBFGSSolver,86,10000,601.384872618,29.657096,3332,3332,3783,6.3632e-5,0.000592,3,3777,0.156675839,0.080664,5,false
max_time,genrose,LBFGSSolver,87,10000,601.418377067,29.974344,3324,3324,3781,4.713e-5,0.000592,3,3776,0.156607303,0.080664,5,false
max_time,genrose,LBFGSSolver,88,10000,601.481080213,30.284872,3299,3299,3768,5.2561e-5,0.000592,3,3762,0.15552265,0.080664,5,false
max_time,genrose,LBFGSSolver,89,10000,601.650226437,30.606024,3300,3300,3779,4.7831e-5,0.000592,3,3768,0.156882797,0.080664,5,false
max_time,genrose,LBFGSSolver,90,10000,601.513236288,30.928712,3304,3304,3791,5.1849e-5,0.000592,3,3781,0.157327669,0.080664,5,false
max_time,genrose,LBFGSSolver,91,10000,601.496433578,31.257464,3327,3327,3798,4.754e-5,0.000592,3,3790,0.156133585,0.080664,5,false
max_time,genrose,LBFGSSolver,92,10000,601.454791374,31.567304,3303,3303,3766,4.6919e-5,0.000592,3,3759,0.157556795,0.080664,5,false
max_time,genrose,LBFGSSolver,93,10000,601.5061844100001,31.88428,3293,3293,3772,4.7801e-5,0.000592,3,3761,0.158764193,0.080664,5,false
max_time,genrose,LBFGSSolver,94,10000,601.4380932930001,32.217288,3328,3328,3779,5.0957e-5,0.000592,3,3772,0.157017058,0.080664,5,false
max_time,genrose,LBFGSSolver,95,10000,601.365112809,32.5302,3312,3312,3754,5.0857e-5,0.000592,3,3745,0.156506568,0.080664,5,false
max_time,genrose,LBFGSSolver,96,10000,601.6701675740001,32.855608,3322,3322,3780,4.681e-5,0.000592,3,3774,0.156194433,0.080664,5,false
max_time,genrose,LBFGSSolver,97,10000,601.37443327,33.169992,3308,3308,3767,4.6579e-5,0.000592,3,3759,0.15719782,0.080664,5,false
max_time,genrose,LBFGSSolver,98,10000,601.405945552,33.499672,3330,3330,3796,4.7581e-5,0.000592,3,3782,0.157568592,0.080664,5,false
max_time,genrose,LBFGSSolver,99,10000,601.4559950830001,33.801992,3281,3281,3785,4.698e-5,0.000592,3,3777,0.156023684,0.080664,5,false
max_time,genrose,LBFGSSolver,100,10000,601.406943702,34.136008,3320,3320,3782,4.708e-5,0.000592,3,3773,0.156941505,0.080664,5,false
max_time,genrose_nash,LBFGSSolver,1,10000,601.349041634,2.468112,3434,3434,3702,0.053784002,13.38048,250111,3667,0.428533907,17.563152,330582,true
max_time,genrose_nash,LBFGSSolver,1,10000,601.341030693,2.46728,3432,3432,3700,4.7751e-5,0.000592,3,3665,0.165393415,0.080664,5,false
max_time,genrose_nash,LBFGSSolver,2,10000,601.438810698,2.785824,3424,3424,3717,4.739e-5,0.000592,3,3686,0.16233415,0.080664,5,false
max_time,genrose_nash,LBFGSSolver,3,10000,601.3710981749999,3.12328,3476,3476,3697,4.6148e-5,0.000592,3,3677,0.162313965,0.080664,5,false
max_time,genrose_nash,LBFGSSolver,4,10000,601.354126064,3.435632,3452,3452,3707,4.6249e-5,0.000592,3,3684,0.161902932,0.080664,5,false
max_time,genrose_nash,LBFGSSolver,5,10000,601.4827642609999,3.722592,3359,3359,3698,4.5988e-5,0.000592,3,3678,0.163132327,0.080664,5,false
max_time,genrose_nash,LBFGSSolver,6,10000,601.388581941,4.041296,3355,3355,3696,5.1338e-5,0.000592,3,3677,0.164159435,0.080664,5,false
max_time,genrose_nash,LBFGSSolver,7,10000,601.454381764,4.337104,3286,3286,3696,4.6128e-5,0.000592,3,3671,0.161837787,0.080664,5,false
max_time,genrose_nash,LBFGSSolver,8,10000,601.346869966,4.664272,3303,3303,3714,4.4254e-5,0.000592,3,3675,0.162661835,0.080664,5,false
max_time,genrose_nash,LBFGSSolver,9,10000,601.3956547849999,4.966144,3252,3252,3706,5.3722e-5,0.000592,3,3675,0.163201246,0.080664,5,false
max_time,genrose_nash,LBFGSSolver,10,10000,601.365337974,5.276112,3224,3224,3698,4.6198e-5,0.000592,3,3675,0.162526101,0.080664,5,false
max_time,genrose_nash,LBFGSSolver,11,10000,601.361840542,5.613856,3274,3274,3698,5.1429e-5,0.000592,3,3667,0.1622759,0.080664,5,false
max_time,genrose_nash,LBFGSSolver,12,10000,601.470264402,5.929136,3260,3260,3698,4.73e-5,0.000592,3,3669,0.163855649,0.080664,5,false
max_time,genrose_nash,LBFGSSolver,13,10000,601.48126108,6.246704,3252,3252,3700,4.5537e-5,0.000592,3,3673,0.164651207,0.080664,5,false
max_time,genrose_nash,LBFGSSolver,14,10000,601.5462738499999,6.561648,3237,3237,3698,4.3222e-5,0.000592,3,3677,0.162091406,0.080664,5,false
max_time,genrose_nash,LBFGSSolver,15,10000,601.484355438,6.886768,3249,3249,3712,4.735e-5,0.000592,3,3680,0.162122517,0.080664,5,false
max_time,genrose_nash,LBFGSSolver,16,10000,601.3692726329999,7.202816,3239,3239,3700,4.6439e-5,0.000592,3,3673,0.163023747,0.080664,5,false
max_time,genrose_nash,LBFGSSolver,17,10000,601.46553239,7.527552,3251,3251,3703,4.6309e-5,0.000592,3,3683,0.162271862,0.080664,5,false
max_time,genrose_nash,LBFGSSolver,18,10000,601.404898421,7.832592,3210,3210,3692,4.6358e-5,0.000592,3,3666,0.161812535,0.080664,5,false
max_time,genrose_nash,LBFGSSolver,19,10000,601.395361837,8.1636,3239,3239,3704,4.2952e-5,0.000592,3,3666,0.162472914,0.080664,5,false
max_time,genrose_nash,LBFGSSolver,20,10000,601.435162315,8.472016,3204,3204,3713,4.6238e-5,0.000592,3,3671,0.163958059,0.080664,5,false
max_time,genrose_nash,LBFGSSolver,21,10000,601.4056211889999,8.79456,3211,3211,3710,5.1919e-5,0.000592,3,3677,0.162899651,0.080664,5,false
max_time,genrose_nash,LBFGSSolver,22,10000,601.493802043,9.1208,3231,3231,3692,4.9194e-5,0.000592,3,3658,0.163243708,0.080664,5,false
max_time,genrose_nash,LBFGSSolver,23,10000,601.380630127,9.439488,3228,3228,3685,4.6569e-5,0.000592,3,3655,0.163622191,0.080664,5,false
max_time,genrose_nash,LBFGSSolver,24,10000,601.428079178,9.759216,3227,3227,3682,6.6097e-5,0.000592,3,3649,0.163149067,0.080664,5,false
max_time,genrose_nash,LBFGSSolver,25,10000,601.386871433,10.069632,3197,3197,3695,4.718e-5,0.000592,3,3663,0.164712275,0.080664,5,false
max_time,genrose_nash,LBFGSSolver,26,10000,601.47635397,10.39496,3212,3212,3694,4.6789e-5,0.000592,3,3653,0.1629622,0.080664,5,false
max_time,genrose_nash,LBFGSSolver,27,10000,601.3793414209999,10.719488,3223,3223,3699,4.3443e-5,0.000592,3,3669,0.163964245,0.080664,5,false
max_time,genrose_nash,LBFGSSolver,28,10000,601.400813458,11.039008,3222,3222,3692,6.5074e-5,0.000592,3,3664,0.163440328,0.080664,5,false
max_time,genrose_nash,LBFGSSolver,29,10000,601.63959,11.359056,3221,3221,3695,4.7431e-5,0.000592,3,3668,0.162982622,0.080664,5,false
max_time,genrose_nash,LBFGSSolver,30,10000,601.4895437309999,11.66968,3196,3196,3683,4.5968e-5,0.000592,3,3651,0.162242339,0.080664,5,false
max_time,genrose_nash,LBFGSSolver,31,10000,601.490470169,11.983376,3181,3181,3662,4.6559e-5,0.000592,3,3640,0.163701249,0.080664,5,false
max_time,genrose_nash,LBFGSSolver,32,10000,601.4159534439999,12.315776,3213,3213,3678,4.6789e-5,0.000592,3,3646,0.163868668,0.080664,5,false
max_time,genrose_nash,LBFGSSolver,33,10000,601.428690419,12.63224,3202,3202,3683,4.6669e-5,0.000592,3,3638,0.16409785,0.080664,5,false
max_time,genrose_nash,LBFGSSolver,34,10000,601.537551949,12.9616,3226,3226,3690,4.3714e-5,0.000592,3,3658,0.162760876,0.080664,5,false
max_time,genrose_nash,LBFGSSolver,35,10000,601.374385199,13.262512,3175,3175,3670,4.7461e-5,0.000592,3,3634,0.163542043,0.080664,5,false
max_time,genrose_nash,LBFGSSolver,36,10000,601.448296573,13.588096,3190,3190,3669,4.6509e-5,0.000592,3,3641,0.164845225,0.080664,5,false
max_time,genrose_nash,LBFGSSolver,37,10000,601.365857586,13.915344,3208,3208,3679,4.4335e-5,0.000592,3,3654,0.163107823,0.080664,5,false
max_time,genrose_nash,LBFGSSolver,38,10000,601.4608724379999,14.229952,3194,3194,3669,4.7761e-5,0.000592,3,3642,0.1640208,0.080664,5,false
max_time,genrose_nash,LBFGSSolver,39,10000,601.4667878299999,14.553024,3203,3203,3666,4.684e-5,0.000592,3,3635,0.163621931,0.080664,5,false
max_time,genrose_nash,LBFGSSolver,40,10000,601.630537262,14.865568,3177,3177,3687,4.3584e-5,0.000592,3,3658,0.164061158,0.080664,5,false
max_time,genrose_nash,LBFGSSolver,41,10000,601.429571378,15.180736,3165,3165,3674,5.0426e-5,0.000592,3,3644,0.162661969,0.080664,5,false
max_time,genrose_nash,LBFGSSolver,42,10000,601.4331351769999,15.510672,3192,3192,3676,4.7972e-5,0.000592,3,3655,0.164458443,0.080664,5,false
max_time,genrose_nash,LBFGSSolver,43,10000,601.449145026,15.826656,3181,3181,3672,4.6358e-5,0.000592,3,3646,0.16214095,0.080664,5,false
max_time,genrose_nash,LBFGSSolver,44,10000,601.470735722,16.157296,3208,3208,3686,4.6479e-5,0.000592,3,3655,0.162954147,0.080664,5,false
max_time,genrose_nash,LBFGSSolver,45,10000,601.3810727619999,16.474288,3200,3200,3679,4.8283e-5,0.000592,3,3650,0.162397503,0.080664,5,false
max_time,genrose_nash,LBFGSSolver,46,10000,601.6231384739999,16.79552,3202,3202,3685,4.9716e-5,0.000592,3,3655,0.164355826,0.080664,5,false
max_time,genrose_nash,LBFGSSolver,47,10000,601.467209135,17.11096,3187,3187,3693,4.5717e-5,0.000592,3,3662,0.163077058,0.080664,5,false
max_time,genrose_nash,LBFGSSolver,48,10000,601.635042998,17.426912,3176,3176,3685,4.745e-5,0.000592,3,3654,0.16281444,0.080664,5,false
max_time,genrose_nash,LBFGSSolver,49,10000,601.338685351,17.754544,3197,3197,3687,5.2159e-5,0.000592,3,3653,0.162492683,0.080664,5,false
max_time,genrose_nash,LBFGSSolver,50,10000,601.3765826819999,18.074608,3198,3198,3676,4.5978e-5,0.000592,3,3650,0.161935209,0.080664,5,false
max_time,genrose_nash,LBFGSSolver,51,10000,601.466012633,18.392352,3191,3191,3675,4.5637e-5,0.000592,3,3656,0.162271879,0.080664,5,false
max_time,genrose_nash,LBFGSSolver,52,10000,601.612340801,18.710096,3183,3183,3684,4.6899e-5,0.000592,3,3653,0.163887321,0.080664,5,false
max_time,genrose_nash,LBFGSSolver,53,10000,601.383816777,19.036608,3204,3204,3665,4.5838e-5,0.000592,3,3645,0.1631336,0.080664,5,false
max_time,genrose_nash,LBFGSSolver,54,10000,601.64443534,19.352288,3189,3189,3674,4.5607e-5,0.000592,3,3652,0.162449712,0.080664,5,false
max_time,genrose_nash,LBFGSSolver,55,10000,601.4658490099999,19.680176,3212,3212,3665,4.6118e-5,0.000592,3,3647,0.162901652,0.080664,5,false
max_time,genrose_nash,LBFGSSolver,56,10000,601.461387643,19.999568,3207,3207,3684,4.5857e-5,0.000592,3,3653,0.162009109,0.080664,5,false
max_time,genrose_nash,LBFGSSolver,57,10000,601.374364699,20.315904,3197,3197,3679,4.6108e-5,0.000592,3,3651,0.162504261,0.080664,5,false
max_time,genrose_nash,LBFGSSolver,58,10000,601.3578176059999,20.639184,3207,3207,3671,4.6028e-5,0.000592,3,3645,0.163007252,0.080664,5,false
max_time,genrose_nash,LBFGSSolver,59,10000,601.382116572,20.946704,3174,3174,3655,4.6058e-5,0.000592,3,3631,0.163795242,0.080664,5,false
max_time,genrose_nash,LBFGSSolver,60,10000,601.4885066659999,21.268896,3177,3177,3669,4.8934e-5,0.000592,3,3634,0.163531619,0.080664,5,false
max_time,genrose_nash,LBFGSSolver,61,10000,601.5156808419999,21.58688,3171,3171,3666,4.6318e-5,0.000592,3,3640,0.164249985,0.080664,5,false
max_time,genrose_nash,LBFGSSolver,62,10000,601.38711947,21.897552,3145,3145,3659,5.1549e-5,0.000592,3,3635,0.163731193,0.080664,5,false
max_time,genrose_nash,LBFGSSolver,63,10000,601.6039426,22.241968,3210,3210,3682,4.5797e-5,0.000592,3,3649,0.163653667,0.080664,5,false
max_time,genrose_nash,LBFGSSolver,64,10000,601.380773938,22.556208,3194,3194,3678,4.6018e-5,0.000592,3,3643,0.163573683,0.080664,5,false
max_time,genrose_nash,LBFGSSolver,65,10000,601.3578285709999,22.879904,3203,3203,3681,4.6258e-5,0.000592,3,3655,0.163393571,0.080664,5,false
max_time,genrose_nash,LBFGSSolver,66,10000,601.4791736249999,23.18864,3172,3172,3673,5.3823e-5,0.000592,3,3638,0.162792037,0.080664,5,false
max_time,genrose_nash,LBFGSSolver,67,10000,601.343671324,23.502576,3156,3156,3661,4.4084e-5,0.000592,3,3632,0.162512778,0.080664,5,false
max_time,genrose_nash,LBFGSSolver,68,10000,601.351519758,23.837968,3196,3196,3680,4.6059e-5,0.000592,3,3646,0.163381064,0.080664,5,false
max_time,genrose_nash,LBFGSSolver,69,10000,601.3533894479999,24.15864,3201,3201,3660,5.1609e-5,0.000592,3,3627,0.164109398,0.080664,5,false
max_time,genrose_nash,LBFGSSolver,70,10000,601.353139461,24.463632,3157,3157,3663,4.9304e-5,0.000592,3,3624,0.164905076,0.080664,5,false
max_time,genrose_nash,LBFGSSolver,71,10000,601.359463861,24.783696,3158,3158,3654,5.0326e-5,0.000592,3,3622,0.164141672,0.080664,5,false
max_time,genrose_nash,LBFGSSolver,72,10000,601.592056801,25.11224,3177,3177,3683,4.6008e-5,0.000592,3,3636,0.164033741,0.080664,5,false
max_time,genrose_nash,LBFGSSolver,73,10000,601.393908681,25.434064,3184,3184,3669,5.0847e-5,0.000592,3,3625,0.162411023,0.080664,5,false
max_time,genrose_nash,LBFGSSolver,74,10000,601.4823170789999,25.750256,3173,3173,3668,4.8673e-5,0.000592,3,3621,0.165486539,0.080664,5,false
max_time,genrose_nash,LBFGSSolver,75,10000,601.4303275259999,26.065568,3157,3157,3679,5.242e-5,0.000592,3,3638,0.16388784,0.080664,5,false
max_time,genrose_nash,LBFGSSolver,76,10000,601.460489169,26.395248,3185,3185,3668,4.5698e-5,0.000592,3,3636,0.163806497,0.080664,5,false
max_time,genrose_nash,LBFGSSolver,77,10000,601.464102538,26.706304,3162,3162,3651,4.6318e-5,0.000592,3,3617,0.164316419,0.080664,5,false
max_time,genrose_nash,LBFGSSolver,78,10000,601.540344484,27.02824,3169,3169,3637,5.1148e-5,0.000592,3,3613,0.165217801,0.080664,5,false
max_time,genrose_nash,LBFGSSolver,79,10000,601.347770076,27.346912,3162,3162,3653,5.0516e-5,0.000592,3,3628,0.163984648,0.080664,5,false
max_time,genrose_nash,LBFGSSolver,80,10000,601.436949167,27.665104,3157,3157,3650,4.6028e-5,0.000592,3,3621,0.162425986,0.080664,5,false
max_time,genrose_nash,LBFGSSolver,81,10000,601.542771651,27.992592,3176,3176,3659,4.5287e-5,0.000592,3,3633,0.163579866,0.080664,5,false
max_time,genrose_nash,LBFGSSolver,82,10000,601.4623566839999,28.313568,3177,3177,3663,5.0206e-5,0.000592,3,3636,0.162999534,0.080664,5,false
max_time,genrose_nash,LBFGSSolver,83,10000,601.345846482,28.625808,3156,3156,3654,4.5787e-5,0.000592,3,3629,0.164261779,0.080664,5,false
max_time,genrose_nash,LBFGSSolver,84,10000,601.4003652709999,28.940864,3145,3145,3634,4.708e-5,0.000592,3,3602,0.165563161,0.080664,5,false
max_time,genrose_nash,LBFGSSolver,85,10000,601.342415729,29.266752,3159,3159,3645,5.3111e-5,0.000592,3,3617,0.164246299,0.080664,5,false
max_time,genrose_nash,LBFGSSolver,86,10000,601.4295351559999,29.59152,3168,3168,3670,4.3874e-5,0.000592,3,3632,0.163462568,0.080664,5,false
max_time,genrose_nash,LBFGSSolver,87,10000,601.494396256,29.908704,3159,3159,3672,4.688e-5,0.000592,3,3638,0.162860195,0.080664,5,false
max_time,genrose_nash,LBFGSSolver,88,10000,601.476897133,30.218784,3133,3133,3655,4.6459e-5,0.000592,3,3630,0.1626376,0.080664,5,false
max_time,genrose_nash,LBFGSSolver,89,10000,601.428241759,30.55584,3179,3179,3666,4.5888e-5,0.000592,3,3638,0.161761891,0.080664,5,false
max_time,genrose_nash,LBFGSSolver,90,10000,601.447753061,30.868832,3160,3160,3654,4.6218e-5,0.000592,3,3623,0.16229922,0.080664,5,false
max_time,genrose_nash,LBFGSSolver,91,10000,601.4990129629999,31.19456,3176,3176,3653,4.6338e-5,0.000592,3,3621,0.163660022,0.080664,5,false
max_time,genrose_nash,LBFGSSolver,92,10000,601.401077195,31.50424,3149,3149,3635,4.5748e-5,0.000592,3,3604,0.164211252,0.080664,5,false
max_time,genrose_nash,LBFGSSolver,93,10000,601.468359115,31.836784,3180,3180,3657,4.681e-5,0.000592,3,3628,0.163775479,0.080664,5,false
max_time,genrose_nash,LBFGSSolver,94,10000,601.485920802,32.152256,3166,3166,3661,4.6238e-5,0.000592,3,3631,0.163620987,0.080664,5,false
max_time,genrose_nash,LBFGSSolver,95,10000,601.370200591,32.477568,3179,3179,3671,4.5908e-5,0.000592,3,3635,0.16256202,0.080664,5,false
max_time,genrose_nash,LBFGSSolver,96,10000,601.6380753239999,32.786816,3154,3154,3636,4.5367e-5,0.000592,3,3607,0.163224453,0.080664,5,false
max_time,genrose_nash,LBFGSSolver,97,10000,601.464636568,33.110928,3162,3162,3654,5.0186e-5,0.000592,3,3624,0.164762312,0.080664,5,false
max_time,genrose_nash,LBFGSSolver,98,10000,601.552393813,33.417648,3126,3126,3641,4.6058e-5,0.000592,3,3615,0.162928833,0.080664,5,false
max_time,genrose_nash,LBFGSSolver,99,10000,601.432820154,33.74752,3155,3155,3633,4.5688e-5,0.000592,3,3605,0.164203079,0.080664,5,false
max_time,genrose_nash,LBFGSSolver,100,10000,601.5038904109999,34.079616,3184,3184,3657,5.3723e-5,0.000592,3,3620,0.163486342,0.080664,5,false
max_time,indef_mod,LBFGSSolver,1,10000,601.604654845,1.373992,788,788,1215,0.104277437,11.531864,225439,948,0.863176605,22.743848,432520,true
max_time,indef_mod,LBFGSSolver,1,10000,601.598553927,1.373096,786,786,1212,0.00014608,0.000592,3,945,0.567109829,0.080664,5,false
max_time,indef_mod,LBFGSSolver,2,10000,602.069926768,1.673656,728,728,1234,0.000139246,0.000592,3,941,0.567311406,0.080664,5,false
max_time,indef_mod,LBFGSSolver,3,10000,601.813834625,2.011688,779,779,1229,0.000142011,0.000592,3,951,0.566957202,0.080664,5,false
first_order,indef_mod,LBFGSSolver,4,10000,559.847346625,2.305224,728,728,1029,0.000147672,0.000592,3,885,0.561376658,0.080664,5,false
max_time,indef_mod,LBFGSSolver,5,10000,601.8544523840001,2.636136,746,746,1136,0.000137934,0.000592,3,951,0.562799564,0.080664,5,false
max_time,indef_mod,LBFGSSolver,6,10000,601.7598741520001,2.96892,775,775,1184,0.000140178,0.000592,3,952,0.563605026,0.080664,5,false
max_time,indef_mod,LBFGSSolver,7,10000,601.462875439,3.298696,809,809,1084,0.000137203,0.000592,3,955,0.559940577,0.080664,5,false
first_order,indef_mod,LBFGSSolver,8,10000,587.070680368,3.595032,747,747,1089,0.000142342,0.000592,3,932,0.565818434,0.080664,5,false
first_order,indef_mod,LBFGSSolver,9,10000,507.628548529,3.851064,599,599,875,0.000143965,0.000592,3,787,0.565007448,0.080664,5,false
first_order,indef_mod,LBFGSSolver,10,10000,513.685415844,4.189224,641,641,938,0.000137733,0.000592,3,808,0.56178998,0.080664,5,false
max_time,indef_mod,LBFGSSolver,11,10000,601.664742832,4.551688,737,737,1061,0.000146651,0.000592,3,953,0.561839609,0.080664,5,false
first_order,indef_mod,LBFGSSolver,12,10000,379.207820167,4.75988,480,480,705,0.000145098,0.000592,3,594,0.56205344,0.080664,5,false
max_time,indef_mod,LBFGSSolver,13,10000,601.8017761250001,5.195832,745,745,1077,0.000139136,0.000592,3,943,0.563365897,0.080664,5,false
first_order,indef_mod,LBFGSSolver,14,10000,531.5286834,5.4694,637,637,954,0.000131401,0.000592,3,830,0.566065583,0.080664,5,false
first_order,indef_mod,LBFGSSolver,15,10000,517.289879735,5.792408,648,648,928,0.000141571,0.000592,3,810,0.564079065,0.080664,5,false
first_order,indef_mod,LBFGSSolver,16,10000,382.112048818,6.033976,465,465,654,0.000139616,0.000592,3,601,0.565363988,0.080664,5,false
first_order,indef_mod,LBFGSSolver,17,10000,371.042397923,6.350168,456,456,642,0.000144216,0.000592,3,583,0.560213729,0.080664,5,false
first_order,indef_mod,LBFGSSolver,18,10000,440.151261122,6.704248,537,537,768,0.000166709,0.000592,3,689,0.560890263,0.080664,5,false
first_order,indef_mod,LBFGSSolver,19,10000,325.337670797,6.964248,386,386,558,0.000133304,0.000592,3,508,0.564448697,0.080664,5,false
first_order,indef_mod,LBFGSSolver,20,10000,330.66783255400003,7.292248,406,406,586,0.000146319,0.000592,3,517,0.565277164,0.080664,5,false
first_order,indef_mod,LBFGSSolver,21,10000,353.24134593400004,7.623448,431,431,653,0.00014098,0.000592,3,555,0.563188068,0.080664,5,false
first_order,indef_mod,LBFGSSolver,22,10000,382.266631265,7.957432,474,474,649,0.000185384,0.000592,3,599,0.564160203,0.080664,5,false
first_order,indef_mod,LBFGSSolver,23,10000,291.387948805,8.234776,363,363,508,0.00013622,0.000592,3,458,0.560676453,0.080664,5,false
first_order,indef_mod,LBFGSSolver,24,10000,354.239970803,8.587624,447,447,619,0.00014159,0.000592,3,558,0.56115937,0.080664,5,false
first_order,indef_mod,LBFGSSolver,25,10000,335.218230339,8.894728,413,413,574,0.00014132,0.000592,3,525,0.562250669,0.080664,5,false
first_order,indef_mod,LBFGSSolver,26,10000,306.73109331300003,9.199576,368,368,554,0.000138525,0.000592,3,480,0.561686655,0.080664,5,false
first_order,indef_mod,LBFGSSolver,27,10000,333.49667082,9.535608,414,414,578,0.000139997,0.000592,3,522,0.562135778,0.080664,5,false
first_order,indef_mod,LBFGSSolver,28,10000,288.648024083,9.83156,348,348,513,0.000139086,0.000592,3,453,0.565168569,0.080664,5,false
first_order,indef_mod,LBFGSSolver,29,10000,297.91526260200004,10.160104,374,374,517,0.000140018,0.000592,3,467,0.564321858,0.080664,5,false
first_order,indef_mod,LBFGSSolver,30,10000,277.216317695,10.465592,331,331,494,0.000128114,0.000592,3,435,0.562289909,0.080664,5,false
first_order,indef_mod,LBFGSSolver,31,10000,349.50894151700004,10.82444,434,434,607,0.000143224,0.000592,3,549,0.560861566,0.080664,5,false
first_order,indef_mod,LBFGSSolver,32,10000,335.748999344,11.138712,419,419,586,0.000133636,0.000592,3,526,0.564303431,0.080664,5,false
first_order,indef_mod,LBFGSSolver,33,10000,278.935049013,11.428184,340,340,478,0.000143034,0.000592,3,438,0.561035197,0.080664,5,false
first_order,indef_mod,LBFGSSolver,34,10000,262.368276526,11.742552,328,328,439,0.000137282,0.000592,3,411,0.561575334,0.080664,5,false
first_order,indef_mod,LBFGSSolver,35,10000,287.333044793,12.073304,352,352,491,0.000139486,0.000592,3,449,0.566370691,0.080664,5,false
first_order,indef_mod,LBFGSSolver,36,10000,270.694228629,12.384792,330,330,457,0.000134336,0.000592,3,423,0.564593241,0.080664,5,false
first_order,indef_mod,LBFGSSolver,37,10000,324.24239488300003,12.732456,400,400,557,0.000133765,0.000592,3,506,0.56562247,0.080664,5,false
first_order,indef_mod,LBFGSSolver,38,10000,292.54820666300003,13.036328,361,361,481,0.000139576,0.000592,3,458,0.562304133,0.080664,5,false
first_order,indef_mod,LBFGSSolver,39,10000,271.73390772700003,13.344472,327,327,459,0.000139547,0.000592,3,425,0.562564498,0.080664,5,false
first_order,indef_mod,LBFGSSolver,40,10000,314.315920378,13.689608,393,393,532,0.000139306,0.000592,3,494,0.560743131,0.080664,5,false
first_order,indef_mod,LBFGSSolver,41,10000,287.057175351,13.99524,354,354,494,0.000133094,0.000592,3,449,0.562888619,0.080664,5,false
first_order,indef_mod,LBFGSSolver,42,10000,248.438509463,14.296008,302,302,439,0.000137333,0.000592,3,389,0.56458461,0.080664,5,false
first_order,indef_mod,LBFGSSolver,43,10000,246.294124556,14.6166,306,306,422,0.000133546,0.000592,3,386,0.561934668,0.080664,5,false
first_order,indef_mod,LBFGSSolver,44,10000,224.623429804,14.9262,279,279,380,0.000147582,0.000592,3,352,0.562229689,0.080664,5,false
first_order,indef_mod,LBFGSSolver,45,10000,257.575867965,15.265272,329,329,436,0.000141721,0.000592,3,405,0.560677359,0.080664,5,false
first_order,indef_mod,LBFGSSolver,46,10000,260.662772394,15.587368,336,336,430,0.000143885,0.000592,3,409,0.559803888,0.080664,5,false
first_order,indef_mod,LBFGSSolver,47,10000,189.086249525,15.872088,243,243,318,0.000139196,0.000592,3,297,0.562298145,0.080664,5,false
first_order,indef_mod,LBFGSSolver,48,10000,251.35859151100001,16.222664,322,322,415,0.000143244,0.000592,3,394,0.563526953,0.080664,5,false
first_order,indef_mod,LBFGSSolver,49,10000,238.584310342,16.535352,301,301,400,0.000150077,0.000592,3,373,0.563368679,0.080664,5,false
first_order,indef_mod,LBFGSSolver,50,10000,224.627046734,16.849128,286,286,368,0.000140679,0.000592,3,351,0.563480228,0.080664,5,false
first_order,indef_mod,LBFGSSolver,51,10000,192.536044908,17.15572,253,253,313,0.000137783,0.000592,3,301,0.565392967,0.080664,5,false
first_order,indef_mod,LBFGSSolver,52,10000,196.17763671900002,17.47604,252,252,320,0.000139637,0.000592,3,307,0.56432953,0.080664,5,false
first_order,indef_mod,LBFGSSolver,53,10000,227.40992321500002,17.806616,275,275,376,0.000142422,0.000592,3,355,0.561012325,0.080664,5,false
first_order,indef_mod,LBFGSSolver,54,10000,212.674120713,18.126792,279,279,353,0.000135279,0.000592,3,332,0.563220053,0.080664,5,false
first_order,indef_mod,LBFGSSolver,55,10000,223.42832223000002,18.453928,297,297,376,0.000140469,0.000592,3,349,0.560453106,0.080664,5,false
first_order,indef_mod,LBFGSSolver,56,10000,208.39481810900003,18.763176,266,266,353,0.000145618,0.000592,3,326,0.564328822,0.080664,5,false
first_order,indef_mod,LBFGSSolver,57,10000,196.260507144,19.07924,258,258,325,0.000143995,0.000592,3,307,0.560838917,0.080664,5,false
first_order,indef_mod,LBFGSSolver,58,10000,235.90212368200002,19.414392,294,294,386,0.000142923,0.000592,3,369,0.562888358,0.080664,5,false
first_order,indef_mod,LBFGSSolver,59,10000,262.453172724,19.74588,319,319,452,0.000135119,0.000592,3,410,0.559513679,0.080664,5,false
first_order,indef_mod,LBFGSSolver,60,10000,239.97187786700002,20.054872,292,292,395,0.000139466,0.000592,3,375,0.562181531,0.080664,5,false
first_order,indef_mod,LBFGSSolver,61,10000,230.414805112,20.37364,290,290,384,0.000134167,0.000592,3,361,0.561162253,0.080664,5,false
first_order,indef_mod,LBFGSSolver,62,10000,241.092431387,20.698536,302,302,400,0.000142262,0.000592,3,378,0.560704098,0.080664,5,false
first_order,indef_mod,LBFGSSolver,63,10000,250.95154094,21.026856,324,324,425,0.000139397,0.000592,3,393,0.565008957,0.080664,5,false
first_order,indef_mod,LBFGSSolver,64,10000,176.499329329,21.307128,220,220,292,0.000136361,0.000592,3,276,0.564425221,0.080664,5,false
first_order,indef_mod,LBFGSSolver,65,10000,196.249167641,21.637352,247,247,319,0.000145939,0.000592,3,308,0.563356028,0.080664,5,false
first_order,indef_mod,LBFGSSolver,66,10000,178.435324576,21.951496,230,230,308,0.000131401,0.000592,3,279,0.5638125,0.080664,5,false
first_order,indef_mod,LBFGSSolver,67,10000,208.32117715500002,22.28292,260,260,335,0.000145117,0.000592,3,326,0.56442677,0.080664,5,false
first_order,indef_mod,LBFGSSolver,68,10000,164.73856312400002,22.586344,219,219,269,0.00014131,0.000592,3,258,0.565633771,0.080664,5,false
first_order,indef_mod,LBFGSSolver,69,10000,188.37204703600003,22.9158,240,240,316,0.000140969,0.000592,3,295,0.564973547,0.080664,5,false
first_order,indef_mod,LBFGSSolver,70,10000,182.16343586500003,23.2334,234,234,301,0.000139116,0.000592,3,285,0.563395945,0.080664,5,false
first_order,indef_mod,LBFGSSolver,71,10000,222.208770707,23.574552,289,289,370,0.000152331,0.000592,3,347,0.560829143,0.080664,5,false
first_order,indef_mod,LBFGSSolver,72,10000,231.029675937,23.89412,285,285,376,0.000137282,0.000592,3,361,0.562480164,0.080664,5,false
first_order,indef_mod,LBFGSSolver,73,10000,169.962935716,24.18868,221,221,278,0.000139697,0.000592,3,266,0.564580995,0.080664,5,false
first_order,indef_mod,LBFGSSolver,74,10000,171.834211087,24.508152,218,218,283,0.000142803,0.000592,3,269,0.563377923,0.080664,5,false
first_order,indef_mod,LBFGSSolver,75,10000,156.05117471300002,24.82124,200,200,259,0.000138815,0.000592,3,244,0.559647604,0.080664,5,false
first_order,indef_mod,LBFGSSolver,76,10000,211.230632641,25.170024,274,274,349,0.00017302,0.000592,3,330,0.562457109,0.080664,5,false
first_order,indef_mod,LBFGSSolver,77,10000,176.452865045,25.470344,221,221,290,0.000159255,0.000592,3,276,0.559887214,0.080664,5,false
first_order,indef_mod,LBFGSSolver,78,10000,169.83730547200003,25.790168,220,220,292,0.000134076,0.000592,3,266,0.561255342,0.080664,5,false
first_order,indef_mod,LBFGSSolver,79,10000,167.34518098100003,26.109912,219,219,290,0.000139417,0.000592,3,262,0.561814487,0.080664,5,false
first_order,indef_mod,LBFGSSolver,80,10000,166.38683879500002,26.430008,222,222,271,0.000138695,0.000592,3,261,0.561280597,0.080664,5,false
first_order,indef_mod,LBFGSSolver,81,10000,177.83679879500002,26.753768,228,228,302,0.000137714,0.000592,3,278,0.561930602,0.080664,5,false
first_order,indef_mod,LBFGSSolver,82,10000,160.151383293,27.065304,206,206,265,0.000137322,0.000592,3,251,0.562806085,0.080664,5,false
first_order,indef_mod,LBFGSSolver,83,10000,176.26832177400001,27.393512,227,227,291,0.000138805,0.000592,3,276,0.564974707,0.080664,5,false
first_order,indef_mod,LBFGSSolver,84,10000,166.909430191,27.709048,213,213,285,0.000138004,0.000592,3,261,0.561584666,0.080664,5,false
first_order,indef_mod,LBFGSSolver,85,10000,169.772623242,28.029832,216,216,276,0.000138986,0.000592,3,266,0.561195314,0.080664,5,false
first_order,indef_mod,LBFGSSolver,86,10000,159.08811177,28.343576,199,199,256,0.000140269,0.000592,3,249,0.561338732,0.080664,5,false
first_order,indef_mod,LBFGSSolver,87,10000,171.826412933,28.6738,226,226,287,0.000144547,0.000592,3,269,0.56354679,0.080664,5,false
first_order,indef_mod,LBFGSSolver,88,10000,164.56003425100002,28.988744,211,211,278,0.000134978,0.000592,3,258,0.56389407,0.080664,5,false
first_order,indef_mod,LBFGSSolver,89,10000,154.86969097500003,29.303848,199,199,251,0.000137573,0.000592,3,243,0.561016358,0.080664,5,false
first_order,indef_mod,LBFGSSolver,90,10000,167.937028862,29.630264,214,214,272,0.000143624,0.000592,3,263,0.561834294,0.080664,5,false
first_order,indef_mod,LBFGSSolver,91,10000,172.085554556,29.95268,218,218,294,0.000138635,0.000592,3,269,0.562607547,0.080664,5,false
first_order,indef_mod,LBFGSSolver,92,10000,171.243801472,30.270952,212,212,287,0.000138645,0.000592,3,268,0.564526083,0.080664,5,false
first_order,indef_mod,LBFGSSolver,93,10000,185.74379495300002,30.597112,229,229,299,0.000143685,0.000592,3,290,0.561273067,0.080664,5,false
first_order,indef_mod,LBFGSSolver,94,10000,167.64028699000002,30.910328,212,212,272,0.000145969,0.000592,3,262,0.562076658,0.080664,5,false
first_order,indef_mod,LBFGSSolver,95,10000,176.500843381,31.234904,223,223,285,0.000141761,0.000592,3,276,0.56343558,0.080664,5,false
first_order,indef_mod,LBFGSSolver,96,10000,166.359905219,31.55036,211,211,269,0.000138475,0.000592,3,260,0.564758584,0.080664,5,false
first_order,indef_mod,LBFGSSolver,97,10000,170.866571541,31.870376,209,209,278,0.000137653,0.000592,3,268,0.561544468,0.080664,5,false
first_order,indef_mod,LBFGSSolver,98,10000,165.086532339,32.189576,208,208,265,0.000136281,0.000592,3,259,0.562232627,0.080664,5,false
first_order,indef_mod,LBFGSSolver,99,10000,167.467127338,32.511528,213,213,271,0.000136271,0.000592,3,262,0.561240519,0.080664,5,false
first_order,indef_mod,LBFGSSolver,100,10000,169.042645171,32.834696,221,221,274,0.000133485,0.000592,3,264,0.563661133,0.080664,5,false
max_time,integreq,LBFGSSolver,1,10000,13204.244119615,1.048024,1,1,3,5.802046549,18.683984,356583,3,6616.296836963,24.468704,466817,true
max_time,integreq,LBFGSSolver,1,10000,13205.846755472,1.048024,1,1,3,5.674285706,0.000592,3,3,6585.175508853,0.080664,5,false
max_time,integreq,LBFGSSolver,2,10000,13311.729355624,1.36828,1,1,3,5.693145712,0.000592,3,3,6643.652540424,0.080664,5,false
max_time,integreq,LBFGSSolver,3,10000,13228.062127603,1.688472,1,1,3,5.679272259,0.000592,3,3,6642.876681461,0.080664,5,false
max_time,integreq,LBFGSSolver,4,10000,13187.465213933,2.008728,1,1,3,5.570218507,0.000592,3,3,6584.520308424,0.080664,5,false
max_time,integreq,LBFGSSolver,5,10000,13261.18945928,2.32892,1,1,3,5.599234216,0.000592,3,3,6616.08502391,0.080664,5,false
max_time,integreq,LBFGSSolver,6,10000,13320.292799108,2.649176,1,1,3,5.668979444,0.000592,3,3,6633.34125938,0.080664,5,false
max_time,integreq,LBFGSSolver,7,10000,13320.571848063999,2.969368,1,1,3,5.694344026,0.000592,3,3,6658.231999226,0.080664,5,false
max_time,integreq,LBFGSSolver,8,10000,13240.967320155,3.289624,1,1,3,5.703407703,0.000592,3,3,6611.387849841,0.080664,5,false
max_time,integreq,LBFGSSolver,9,10000,13193.164090061,3.609816,1,1,3,5.68289487,0.000592,3,3,6616.821469008,0.080664,5,false
max_time,integreq,LBFGSSolver,10,10000,13324.547318652,3.930072,1,1,3,5.67769035,0.000592,3,3,6619.278524306,0.080664,5,false
max_time,integreq,LBFGSSolver,11,10000,13316.748964573,4.250264,1,1,3,5.686214794,0.000592,3,3,6658.489811879,0.080664,5,false
max_time,integreq,LBFGSSolver,12,10000,13242.551804846,4.57052,1,1,3,5.703105224,0.000592,3,3,6614.379335559,0.080664,5,false
max_time,integreq,LBFGSSolver,13,10000,13162.968251261,4.890712,1,1,3,5.675301677,0.000592,3,3,6580.770664575,0.080664,5,false
max_time,integreq,LBFGSSolver,14,10000,13197.916502962,5.210968,1,1,3,5.56198132,0.000592,3,3,6586.698307232,0.080664,5,false
max_time,integreq,LBFGSSolver,15,10000,13314.609201887999,5.53116,1,1,3,5.700507499,0.000592,3,3,6636.502700249,0.080664,5,false
